"simon";"marina";"";"marina.simon@example.net";"+33065557043"
"Simon";"Marina";"";"marina.simon@example.net";"+33065557043"
"Simon";"Marina";"";"marina.simon@example.net";"+33065557043"
"Seyrès";"Asttrid";"";"astrid.seyres@example.net";"+33000555091"
"Seyrès";"Astrid";"";"astrid.seyres@example.net";"+33000555091"
"DUHAMEL";"ALEXIA";"Dinosaur";"Dinosaur5991@example.net";"+33000555226"
"Duhamel";"Alexia";"";"Dinosaur5991@example.net";"Null"
"Duhamel";"Alexia";"Dinosaur";"Dinosaur5991@example.net";"+33000555226"
"Redy";"Hiranyagarbha";"Villain";"Villain3002@example.org";"+33035557344"
"reddy";"hiranyagarbha";"Villain";"Villain3002@example.org";"+33035557344"
"Darche";"Gaby";"";"gaby_darche@example.com";"+33045550668"
"Darche";"Gaby";"Gaby";"gaby_darche@example.com";"+33045550668"
"Darche";"Gaby";"";"gaby_darche@example.com";"+33045550668"
"Levet";"Élise";"";"elise.levett@example.org";"+33055569296"
"Levett";"Élise";"";"elise.levett@example.org";"+33055569296"
"Moitessier";"Simon";"";"simon_moitessier@example.org";"Null"
"Moitessier";"Simon";"";"simon_moitessier@example.org";"+33065558750"
"Moitesier";"Simon";"";"simon_moitessier@example.org";"+33065558750"
"";"SALWA";"";"salwaal.baig@example.net";"+33065558717"
"";"Salwa";"";"salwaal.baig@example.net";"+33065558717"
"al-Baig";"Salwa";"";"salwaal.baig@example.net";"+33065558717"
"Besnard";"Yvonne";"";"yvonne_besnard@example.com";"+33055521010"
"Besnard";"Yvonne";"Yvonne";"yvonne_besnard@example.com";"+33055521010"
"";"Yvonne";"";"yvonne_besnard@example.com";"+33055521010"
"Bittencourt";"Vincent";"Porcupint";"Porcupint1782@example.org";"+33085556737"
"Bittencourt";"Vincent";"Vincent";"Porcupint1782@example.org";"+33085556737"
"Bittencourt";"Vincent";"Porcupint";"Porcupint1782@example.org";"+33085556737"
"Lafaille";"Léonard";"";"leonard_lafaille@example.org";"+33000555687"
"Lafaille";"Léonard";"";"leonard_lafaille@example.org";"Null"
"lafaille";"léonard";"";"leonard_lafaille@example.org";"+33000555687"
"De Villiers";"Jennifer";"";"jennifer.devilliers@example.com";"+33093768430"
"De Villiers";"Jennifer";"";"jennifer.devilliers@example.com";"+33055559226"
"De Villiers";"Jennifer";"";"jennifer.devilliers@example.com";"Null"
"Brian";"Gwenaël";"";"gwenaelbrian@example.net";"+33000555513"
"Brian";"Gwenaël";"";"gwenaelbrian@example.net";"+33000555513"
"BRIAN";"GWENAËL";"";"gwenaelbrian@example.net";"+33000555513"
"TOURNEUR";"RODOLPHE";"";"rodolphetourneur@example.com";"+33000555448"
"Tourneur";"Rodolphe";"";"rodolphetourneur@example.com";"+33000555448"
"TOURNEUR";"RODOLPHE";"";"rodolphetourneur@example.com";"+33000555448"
"Jennifer";"De Villiers";"";"jenniferdevilliers@example.net";"+33055559226"
"De Villiers";"Jennifer";"Jennifer";"jenniferdevilliers@example.net";"+33055559226"
"dubos";"myriam";"Saladiator";"Saladiator1090@example.org";"+33055527882"
"Dubos";"Myriam";"Saladiator";"Saladiator1090@example.org";"+33055527882"
"Barthet";"Angeline";"Locust";"Locust1681@example.com";"+33000555017"
"";"";"Locust";"Locust1681@example.com";"+33000555017"
"Barthet";"Anggeline";"Locust";"Locust1681@example.com";"+33000555017"
"Robillard";"Didier";"";"didierrobillard@example.net";"+33075558829"
"Robillard";"Didier";"";"didierrobillard@example.net";"+33075558829"
"Figuier";"Angélique";"";"angelique.figuier@example.com";"+33035555744"
"Figuier";"Angélique";"";"angelique.figuier@example.com";"+33035555744"
"bettencourt";"chloé";"";"chloe.bettencourt@example.org";"+33085550834"
"Bettencourt";"Chloé";"";"chloe.bettencourt@example.org";"+33085550834"
"Bouthillier";"Justine";"";"justine_bouthillier@example.net";"+33000555791"
"Bouthillier";"Justine";"";"justine_bouthillier@example.net";"+33000555791"
"";"Gaëlle";"";"gaelle.barrande@example.net";"+33075559979"
"BARRANDE";"GAËLLE";"";"gaelle.barrande@example.net";"+33075559979"
"";"";"Frog";"Frog4169@example.com";"+33065557561"
"GENET";"LYDIA";"Frog";"Frog4169@example.com";"+33065557561"
"Bethune";"Laurent";"Leaf123";"Leaf1238987@example.net";"+33055542145"
"BETHUNE";"LAURENT";"Leaf123";"Leaf1238987@example.net";"+33002783218"
"Albertine";"Chardin";"Khajiit";"albertinechardin@example.net";"+33055582026"
"Chardin";"Albertine";"Albertine";"albertinechardin@example.net";"+33055582026"
"Gardet";"Désiré";"";"desiregardet@example.com";"+33085557946"
"Gardet";"Désiré";"";"desiregardet@example.com";"+33085557946"
"";"";"Gnu";"jerome.boudreaux@example.net";"+33000555677"
"Boudreaux";"Jérôme";"Gnu";"jerome.boudreaux@example.net";"+33000555677"
"";"";"Gnu";"jerome.boudreaux@example.net";"+33000555677"
"Baumé";"Sébastien";"";"sebastienbaume@example.com";"+33065554882"
"Baumé";"Sébastien";"";"sebastienbaume@example.com";"+33065554882"
"Baumé";"Sébastien";"";"sebastienbaume@example.com";"+33065554882"
"";"";"Spirit";"Spirit5111@example.org";"+33055500223"
"DUJARDIN";"LUDOVIC";"Spirit";"Spirit5111@example.org";"+33055500223"
"Passereau";"Inès";"";"ines.passereau@example.net";"+33055595164"
"PASSEREAU";"INÈS";"";"ines.passereau@example.net";"+33055595164"
"Philippon";"Suzanne";"Suzanne";"suzanne_philippon@example.net";"+33055502280"
"philippon";"suzanne";"";"suzanne_philippon@example.net";"+33055502280"
"Philippon";"Suzanne";"";"suzanne_philippon@example.net";"+33015973005"
"Reverdin";"Léoo";"Paladin";"Paladin4409@example.net";"+33045550603"
"";"Léo";"Paladin";"Paladin4409@example.net";"+33045550603"
"Reverdin";"Léo";"";"Paladin4409@example.net";"+33045550603"
"rousseau";"aline";"";"alinerousseau@example.org";"+33000555579"
"Rousseau";"Aline";"";"alinerousseau@example.org";"+33000555579"
"Rousseau";"Aline";"";"alinerousseau@example.org";"+33003459448"
"Marchant";"Arlette";"Wrecker";"arlette.marchant@example.org";"+33001552968"
"Marchant";"Arlette";"Wrecker";"arlette.marchant@example.org";"+33055552511"
"Marchant";"Arlette";"Wrecker";"arlette.marchant@example.org";"+33028136769"
"Girault";"Hubert";"";"hubertgirault@example.org";"+33045556357"
"Girault";"Hubert";"";"hubertgirault@example.org";"+33045556357"
"gribelin";"nancy";"Immortal";"Immortal7207@example.org";"+33000555979"
"";"";"Immortal";"Immortal7207@example.org";"+33000555979"
"Harris";"William";"William";"william_harris@example.com";"+33055573405"
"Harris";"William";"";"william_harris@example.com";"+33055573405"
"D'Antoni";"Calanico";"Melon";"Melon431@example.org";"+33000555355"
"D'Antoni";"Calanico";"Melon";"Melon431@example.org";"+33000555355"
"D'Antoni";"Calanico";"Melon";"Melon431@example.org";"+33035211397"
"al-guler";"ilyaas";"";"ilyaas_al.guler@example.com";"+33055588498"
"al-guler";"ilyaas";"";"ilyaas_al.guler@example.com";"+33055588498"
"";"Burak";"";"burak_ince@example.org";"+33000555443"
"INCE";"BURAK";"";"burak_ince@example.org";"+33000555443"
"De Saint-Pierre";"Auriane";"Auriane";"Siren9115@example.com";"+33000555611"
"";"Auriane";"Siren";"Siren9115@example.com";"+33000555611"
"Marchal";"Chantal";"";"chantal_marchal@example.org";"+33055512951"
"marchal";"chaantal";"";"chantal_marchal@example.org";"+33055512951"
"Sylviane";"Balzac";"";"sylviane.balzac@example.net";"+33035553812"
"Balzac";"Syllviane";"";"sylviane.balzac@example.net";"+33035553812"
"Sylviane";"Balzac";"";"sylviane.balzac@example.net";"+33035553812"
"MANAUDOU";"CATHERINE";"";"catherinemanaudou@example.net";"+33055565849"
"Cattherine";"Manaudou";"";"catherinemanaudou@example.net";"+33055565849"
"Manaudou";"Catherine";"";"catherinemanaudou@example.net";"+33055565849"
"";"Catherine";"";"catherinemanaudou@example.net";"+33055565849"
"Noir";"Laetitia";"";"laetitia_noir@example.org";"+33055523841"
"Noir";"Laetitia";"";"laetitia_noir@example.org";"+33032411564"
"D'Aboville";"Héloïse";"Héloïse";"heloisedaboville@example.net";"+33055596077"
"D'ABOVILLE";"HÉLOÏSE";"";"heloisedaboville@example.net";"+33055596077"
"D'Aboville";"Héloïse";"";"heloisedaboville@example.net";"+33055596077"
"";"Lydia";"Frog";"Frog7281@example.net";"+33065557561"
"";"";"Frog";"Frog7281@example.net";"+33065557561"
"Tourneur";"Norbert";"";"norberttourneur@example.org";"+33032054734"
"Tourneur";"Norbert";"";"norberttourneur@example.org";"+33055516208"
"Baumé";"Angèle";"";"angele_baume@example.org";"+33000555295"
"Baumé";"Angèle";"";"angele_baume@example.org";"+33000555295"
"";"Paityn";"Baby";"Baby158@example.com";"+33035550586"
"Paityn";"";"Baby";"Baby158@example.com";"+33035550586"
"Gérin-Lajoie";"Dannièle";"";"daniele.gerin.lajoie@example.com";"Null"
"";"Danièle";"";"daniele.gerin.lajoie@example.com";"+33055511986"
"Gaubert";"Barthélemy";"";"barthelemygaubert@example.com";"+33046699440"
"Gaubert";"Barthélemy";"";"barthelemygaubert@example.com";"Null"
"";"Ajay";"";"ajaytiwari@example.org";"+33055506199"
"Tiwari";"Ajay";"";"ajaytiwari@example.org";"+33055506199"
"Demaret";"Aline";"";"aline.demaret@example.net";"+33019300775"
"Demaret";"Aliine";"";"aline.demaret@example.net";"+33000555391"
"Lucile";"Deslys";"";"lucile.deslys@example.org";"+33055509263"
"Deslys";"Lucile";"Lucile";"lucile.deslys@example.org";"+33055509263"
"Lucile";"Deslys";"";"lucile.deslys@example.org";"+33055509263"
"Didier";"Ménétries";"";"didier.menetries@example.org";"+33000555225"
"Ménétries";"Didier";"";"didier.menetries@example.org";"+33000555225"
"Didier";"Francine";"Sniperipheral";"francinedidier@example.com";"+33075473548"
"Didier";"Francine";"Francine";"francinedidier@example.com";"+33000555670"
"Courbis";"Matthias";"";"matthias.courbis@example.org";"+33000555182"
"Courbis";"Matthias";"Matthias";"matthias.courbis@example.org";"+33000555182"
"Courbis";"Matthias";"";"matthias.courbis@example.org";"+33000555182"
"el-Hasan";"Qissma";"";"qismael.hasan@example.net";"+33000555500"
"Qisma";"el-Hasan";"";"qismael.hasan@example.net";"+33000555500"
"BARNIER";"ÉLIE";"";"elie.barnier@example.com";"+33045559744"
"Barnier";"Élie";"";"elie.barnier@example.com";"+33045559744"
"Cordonnier";"Geoffroy";"Stitches";"geoffroy.cordonnier@example.com";"+33055541000"
"";"";"Stitches";"geoffroy.cordonnier@example.com";"+33055541000"
"Bousquet";"Jean-Loup";"";"jean.loup.bousquet@example.net";"+33000555289"
"Jean-Loup";"Bousquet";"Pumpkin";"jean.loup.bousquet@example.net";"+33000555289"
"Manaudou";"Gayylord";"";"gaylord.manaudou@example.org";"+33065555734"
"Manaudou";"Gaylord";"";"gaylord.manaudou@example.org";"+33065555734"
"Abbadie";"Nicolas";"";"nicolasabbadie@example.com";"Null"
"Nicolas";"Abbadie";"";"nicolasabbadie@example.com";"+33055537536"
"abbadie";"nicolas";"";"nicolasabbadie@example.com";"+33055537536"
"Marchal";"Émeeline";"Gnoll";"Gnoll4805@example.org";"+33045558312"
"Marchal";"Émeline";"Gnoll";"Gnoll4805@example.org";"+33045558312"
"Hauet";"Élise";"";"elise_hauet@example.org";"+33045551510"
"Hauet";"Élise";"";"elise_hauet@example.org";"+33045551510"
"Élise";"Hauet";"";"elise_hauet@example.org";"+33045551510"
"Emmeline";"Lemoine";"";"emmeline_lemoine@example.com";"+33055516464"
"lemoine";"emmeline";"";"emmeline_lemoine@example.com";"+33055516464"
"el-Abed";"Shukriyya";"";"shukriyya.el.abed@example.org";"+33055557808"
"el-Abed";"Shukriyya";"";"shukriyya.el.abed@example.org";"+33055557808"
"Besnard";"Leila";"";"leilabesnard@example.net";"+33055562840"
"Besnard";"Leila";"";"leilabesnard@example.net";"Null"
"Trintignant";"Francis";"";"francistrintignant@example.net";"+33055578595"
"Trintignant";"Francis";"";"francistrintignant@example.net";"+33055578595"
"Vaugeois";"Joëlle";"";"joelle_vaugeois@example.com";"+33052549976"
"Vaugeois";"Joëlle";"";"joelle_vaugeois@example.com";"+33018512471"
"Vaugeois";"Joëlle";"";"joelle_vaugeois@example.com";"+33085557596"
"Paityn";"Bean";"Baby";"Baby2909@example.net";"+33035550586"
"Bean";"Paityn";"Baby";"Baby2909@example.net";"+33035550586"
"OUVRARD";"RENÉ";"";"rene.ouvrard@example.org";"+33045556019"
"";"René";"";"rene.ouvrard@example.org";"Null"
"Ouvrard";"René";"";"rene.ouvrard@example.org";"+33045556019"
"Ouvrard";"René";"";"rene.ouvrard@example.org";"Null"
"Ouvrard";"René";"René";"rene.ouvrard@example.org";"+33045556019"
"Vidal";"Edmond";"";"edmond_vidal@example.com";"+33055597778"
"Vidal";"Edmond";"";"edmond_vidal@example.com";"+33099891958"
"Matthieu";"Christiane";"";"christiane_matthieu@example.net";"+33075555520"
"Matthieu";"Christiane";"";"christiane_matthieu@example.net";"Null"
"";"Ameline";"";"ameline.choffard@example.org";"+33055532252"
"";"Ameline";"";"ameline.choffard@example.org";"+33055532252"
"Messier";"Véronique";"";"veroniquemessier@example.org";"+33055552031"
"Messier";"Véronique";"Véronique";"veroniquemessier@example.org";"+33055552031"
"Malet";"Hélène";"Hélène";"helenemalet@example.org";"+33075552706"
"";"";"Chimera";"helenemalet@example.org";"+33075552706"
"Malet";"Hélène";"Chimera";"helenemalet@example.org";"+33054012137"
"BURCH";"PHOENIX";"";"phoenixburch@example.org";"+33045552808"
"Burch";"Phoenix";"";"phoenixburch@example.org";"+33045552808"
"";"Burch";"";"phoenixburch@example.org";"+33045552808"
"Manaudou";"Gayylord";"";"gaylord_manaudou@example.org";"+33065555734"
"Manaudou";"Gaylord";"Gaylord";"gaylord_manaudou@example.org";"+33065555734"
"Beaugendre";"Romaine";"";"romaine.beaugendre@example.org";"+33000555081"
"beaugendre";"romaine";"";"romaine.beaugendre@example.org";"+33000555081"
"";"Gautier";"";"gautier_delafose@example.com";"+33035556430"
"Gautier";"Delafose";"";"gautier_delafose@example.com";"+33035556430"
"Delafose";"Gautier";"Gautier";"gautier_delafose@example.com";"+33035556430"
"GUILLOUX";"SARAH";"";"sarah_guilloux@example.com";"+33085552877"
"Guilloux";"Sarah";"";"sarah_guilloux@example.com";"+33085552877"
"Girault";"Hubert";"Hubert";"hubert.girault@example.org";"+33045556357"
"Girault";"Hubert";"";"hubert.girault@example.org";"+33045556357"
"pleimelding";"thaddée";"Rascalf";"Rascalf601@example.org";"+33055538944"
"";"Thaddée";"Rascalf";"Rascalf601@example.org";"+33055538944"
"Sayin";"Kizil";"Octopirate";"Octopirate8874@example.org";"+33000555196"
"Sayin";"Kizil";"";"Octopirate8874@example.org";"+33000555196"
"D'Antoni";"Calanico";"Melon";"calanicodantoni@example.net";"+33062630221"
"D'Antoni";"Calanico";"Melon";"calanicodantoni@example.net";"Null"
"Reverdin";"Ériic";"";"eric_reverdin@example.org";"+33055541258"
"Reverdin";"Éric";"";"eric_reverdin@example.org";"Null"
"Brunelle";"Camille";"";"camille.brunelle@example.com";"+33000555703"
"Brunelle";"Camille";"Camille";"camille.brunelle@example.com";"+33000555703"
"Duhamel";"Alexia";"Dinosaur";"Dinosaur53@example.net";"+33096426764"
"duhamel";"alexia";"Dinosaur";"Dinosaur53@example.net";"+33000555226"
"Duhamel";"Alexia";"Dinosaur";"Dinosaur53@example.net";"+33089724047"
"Marchand";"Clélia";"";"clelia.marchand@example.org";"+33000555030"
"Marchand";"Clélia";"";"clelia.marchand@example.org";"+33000555030"
"Marchand";"Clélia";"";"clelia.marchand@example.org";"+33000555030"
"Astier";"Julia";"Julia";"julia.astier@example.net";"+33045559388"
"astier";"julia";"";"julia.astier@example.net";"+33045559388"
"Tremblay";"Léonard";"";"leonard.tremblay@example.net";"+33076093618"
"Tremblay";"Léonard";"";"leonard.tremblay@example.net";"+33000555927"
"Redy";"Hiranyagarbha";"Villain";"hiranyagarbhareddy@example.net";"+33035557344"
"";"Hiranyagarbha";"Villain";"hiranyagarbhareddy@example.net";"+33035557344"
"Hiranyagarbha";"Reddy";"Villain";"hiranyagarbhareddy@example.net";"+33035557344"
"de villepin";"jean";"Phoenixia";"Phoenixia8122@example.org";"+33000555837"
"De Villepin";"Jean";"Phoenixia";"Phoenixia8122@example.org";"+33000555837"
"D'Antoni";"Calanico";"";"calanico_dantoni@example.org";"+33000555355"
"";"";"Melon";"calanico_dantoni@example.org";"+33000555355"
"Calanico";"D'Antoni";"Melon";"calanico_dantoni@example.org";"+33000555355"
"Desjardins";"Alex";"";"alex.desjardins@example.com";"+33055552413"
"Desjardins";"Alex";"";"alex.desjardins@example.com";"+33055552413"
"Manda";"Gatha";"";"gathamanda@example.com";"+33075557257"
"Manda";"Gatha";"";"gathamanda@example.com";"+33075557257"
"Dutertre";"Gwenaëlle";"";"gwenaelle_dutertre@example.org";"+33039968929"
"Dutertre";"Gwenaëlle";"";"gwenaelle_dutertre@example.org";"+33029162108"
"Dutertre";"Gwenaëlle";"";"gwenaelle_dutertre@example.org";"+33085554047"
"Laurens";"Muriel";"";"muriellaurens@example.net";"+33075555171"
"Laurens";"Murriel";"";"muriellaurens@example.net";"+33075555171"
"Muriel";"Laurens";"";"muriellaurens@example.net";"+33075555171"
"Lemoine";"Emmeline";"";"emmeline.lemoine@example.org";"+33055516464"
"Lemoine";"Emmeline";"";"emmeline.lemoine@example.org";"+33055516464"
"Arceneaux";"Bastien";"Orangutan";"bastien.arceneaux@example.net";"+33055526553"
"Arceneaux";"Bastien";"Orangutan";"bastien.arceneaux@example.net";"+33055526553"
"Courbis";"Sylvia";"";"sylviacourbis@example.net";"+33055514177"
"";"Sylvia";"";"sylviacourbis@example.net";"+33055514177"
"Courbis";"Matthias";"";"matthias_courbis@example.net";"+33000555182"
"courbis";"matthias";"";"matthias_courbis@example.net";"+33000555182"
"Courbis";"Matthias";"";"matthias_courbis@example.net";"+33000555182"
"Compere";"Rébeca";"";"rebeccacompere@example.org";"+33085552814"
"Rébecca";"Compere";"";"rebeccacompere@example.org";"+33085552814"
"Compere";"Rébecca";"";"rebeccacompere@example.org";"+33085552814"
"Compere";"Rébeca";"";"rebeccacompere@example.org";"+33085552814"
"COMPERE";"RÉBECCA";"";"rebeccacompere@example.org";"+33085552814"
"Coulomb";"Adèle";"Adèle";"adele_coulomb@example.com";"+33055533458"
"Coulomb";"Adèle";"";"adele_coulomb@example.com";"+33055533458"
"Coulomb";"Adèle";"";"adele_coulomb@example.com";"+33055533458"
"LOZÉ";"LESLY";"Fledgling";"lesly_loze@example.com";"+33045550388"
"Lozé";"Lesly";"Fledgling";"lesly_loze@example.com";"+33045550388"
"Ménétries";"Didier";"";"didiermenetries@example.com";"Null"
"Ménétries";"Didier";"";"didiermenetries@example.com";"Null"
"Lavaud";"Tatiana";"Pear623";"Pear6235277@example.net";"+33055526948"
"Lavaud";"Tatiana";"Tatiana";"Pear6235277@example.net";"+33055526948"
"Lavaud";"Tatiana";"";"Pear6235277@example.net";"+33055526948"
"Hébras";"Adeline";"";"adeline_hebras@example.org";"+33085551987"
"Hébras";"Adeline";"";"adeline_hebras@example.org";"+33085551987"
"Gicquel";"Valérie";"";"valerie.gicquel@example.org";"+33055529222"
"Gicquel";"Valérie";"";"valerie.gicquel@example.org";"+33055529222"
"Giraud";"Solenn";"";"solenngiraud@example.org";"+33075556656"
"giraud";"solenn";"";"solenngiraud@example.org";"+33075556656"
"Giraud";"Solenn";"";"solenngiraud@example.org";"Null"
"Cazenave";"Jean-Loup";"";"jean.loup.cazenave@example.org";"+33035558865"
"CAZENAVE";"JEAN-LOUP";"";"jean.loup.cazenave@example.org";"+33035558865"
"Bruneau";"Viviane";"Viviane";"Spookworm7637@example.com";"+33000555132"
"Bruneau";"Viviane";"";"Spookworm7637@example.com";"+33000555132"
"Bruneau";"Viviane";"Viviane";"Spookworm7637@example.com";"+33000555132"
"";"Pauuline";"";"pauline_manoury@example.net";"+33045552485"
"Manoury";"Pauline";"Pauline";"pauline_manoury@example.net";"+33045552485"
"Adrienne";"Chabert";"";"adrienne_chabert@example.net";"+33000555766"
"Chabert";"Adrienne";"";"adrienne_chabert@example.net";"+33000555766"
"Besnard";"Leila";"";"leila_besnard@example.net";"+33055562840"
"Besnard";"Leila";"";"leila_besnard@example.net";"Null"
"Périer";"Régine";"Régine";"regine.perier@example.com";"+33000555204"
"Périer";"Régine";"";"regine.perier@example.com";"+33000555204"
"Périer";"Régine";"";"regine.perier@example.com";"+33000555204"
"MALLETTE";"BLANCHE";"Droid";"Droid1567@example.org";"+33055551065"
"Mallette";"Blanche";"Droid";"Droid1567@example.org";"+33055551065"
"MALLETTE";"BLANCHE";"Droid";"Droid1567@example.org";"+33055551065"
"blevins";"darnell";"";"darnell_blevins@example.org";"+33045552559"
"Blevins";"Darnell";"Darnell";"darnell_blevins@example.org";"+33045552559"
"Jean";"De Villepin";"Phoenixia";"jean.devillepin@example.org";"+33000555837"
"";"Jean";"Phoenixia";"jean.devillepin@example.org";"+33000555837"
"De Villepin";"Jean";"Jean";"jean.devillepin@example.org";"+33000555837"
"Carbonneau";"Rosalie";"";"rosalie_carbonneau@example.net";"+33055588089"
"Carbonneau";"Rosalie";"";"rosalie_carbonneau@example.net";"+33055588089"
"MATTHIEU";"LARUE";"Zebra";"matthieularue@example.net";"+33000555858"
"LaRue";"Mathieu";"Zebra";"matthieularue@example.net";"+33000555858"
"Chauve";"Mathéo";"";"matheochauve@example.net";"+33000555122"
"Chauve";"Mathéo";"";"matheochauve@example.net";"+33000555122"
"chauve";"mathéo";"";"matheochauve@example.net";"+33000555122"
"About";"Axelle";"";"axelleabout@example.net";"+33000555503"
"About";"Axelle";"Axelle";"axelleabout@example.net";"+33000555503"
"Bonhomme";"Jean-Noël";"";"jean.noelbonhomme@example.com";"+33055589050"
"Bonhomme";"Jean-Noël";"";"jean.noelbonhomme@example.com";"+33054211767"
"bonhomme";"jean-noël";"";"jean.noelbonhomme@example.com";"+33055589050"
"Bonhomme";"Jean-Noël";"";"jean.noelbonhomme@example.com";"+33055589050"
"Bonhomme";"Jean-Noël";"";"jean.noelbonhomme@example.com";"+33055589050"
"Bonhomme";"Jean-Noël";"";"jean.noelbonhomme@example.com";"+33055589050"
"Courvoisier";"Fabien";"";"fabien_courvoisier@example.org";"+33045556906"
"Courvoisier";"Fabien";"";"fabien_courvoisier@example.org";"+33045556906"
"Courvoisier";"Fabien";"Fabien";"fabien_courvoisier@example.org";"+33045556906"
"Pelletier";"Nicolette";"";"nicolettepelletier@example.com";"+33055528721"
"Peletier";"Nicolette";"";"nicolettepelletier@example.com";"+33055528721"
"Pelletier";"Nicolette";"";"nicolettepelletier@example.com";"+33055528721"
"Malet";"Hélène";"";"helene.malet@example.net";"+33075552706"
"Malet";"Héllène";"Chimera";"helene.malet@example.net";"+33075552706"
"Laflèche";"Bérrénice";"Geckoco888";"berenice.lafleche@example.org";"+33000555882"
"";"Bérénice";"Geckoco888";"berenice.lafleche@example.org";"+33000555882"
"Carbonneau";"Rosalie";"";"rosaliecarbonneau@example.org";"+33055588089"
"Carbonneau";"Rosalie";"";"rosaliecarbonneau@example.org";"Null"
"Escoffier";"Thierry";"";"thierry_escoffier@example.com";"+33055500605"
"Escoffier";"Thierry";"Bot";"thierry_escoffier@example.com";"+33081311609"
"";"Georges";"Domignome";"georges.touchard@example.com";"+33075555876"
"Touchard";"Georges";"Domignome";"georges.touchard@example.com";"+33075555876"
"Noir";"Laetitia";"";"laetitia.noir@example.net";"+33055523841"
"Noir";"Laetitia";"";"laetitia.noir@example.net";"+33055523841"
"NOIR";"LAETITIA";"";"laetitia.noir@example.net";"+33055523841"
"Dupuy";"Ghyslaine";"";"ghyslaine.dupuy@example.com";"+33091812729"
"DUPUY";"GHYSLAINE";"";"ghyslaine.dupuy@example.com";"+33055577023"
"Berger";"Lambert";"";"lambertberger@example.net";"+33045558211"
"Berger";"Lambert";"";"lambertberger@example.net";"+33045558211"
"Berger";"Lambert";"";"lambertberger@example.net";"+33047025239"
"Abadie";"Nicolas";"";"nicolas.abbadie@example.org";"+33055537536"
"";"Nicolas";"";"nicolas.abbadie@example.org";"+33055537536"
"Vannier";"Ginette";"";"ginette.vannier@example.com";"+33000555793"
"";"Ginette";"";"ginette.vannier@example.com";"+33000555793"
"Jégou";"Porthos";"Porthos";"porthos.jegou@example.org";"+33000555709"
"jégou";"porthos";"";"porthos.jegou@example.org";"+33000555709"
"";"Porthos";"";"porthos.jegou@example.org";"+33000555709"
"Beaudouin";"Benoît";"";"benoit_beaudouin@example.net";"+33099395922"
"Beaudouin";"Benoît";"";"benoit_beaudouin@example.net";"+33000555197"
"beaudouin";"benoît";"";"benoit_beaudouin@example.net";"+33000555197"
"";"Béatrice";"";"beatriceduhamel@example.net";"+33000555547"
"Duhamel";"Béatrice";"";"beatriceduhamel@example.net";"+33042923759"
"Cordonier";"Geoffroy";"Stitches";"Stitches5664@example.org";"+33055541000"
"Geoffroy";"Cordonnier";"Stitches";"Stitches5664@example.org";"+33055541000"
"Barthet";"Angeline";"Locust";"Locust75@example.org";"Null"
"";"";"Locust";"Locust75@example.org";"+33000555017"
"Bettencourt";"Chloé";"";"chloe_bettencourt@example.com";"+33085550834"
"Bettencourt";"Chloé";"";"chloe_bettencourt@example.com";"+33085550834"
"Bofrand";"Odile";"";"odileboffrand@example.org";"+33000088891"
"Boffrand";"Odile";"";"odileboffrand@example.org";"+33027010234"
"Boffrand";"Odile";"Odile";"odileboffrand@example.org";"+33038477747"
"laurens";"muriel";"";"muriel.laurens@example.org";"+33075555171"
"Laurens";"Muriel";"";"muriel.laurens@example.org";"+33075555171"
"Laurens";"Muriel";"";"muriel.laurens@example.org";"+33075555171"
"Gul";"Kuddret";"Gerbil";"Gerbil3986@example.net";"+33055583197"
"gul";"kudret";"Gerbil";"Gerbil3986@example.net";"+33055583197"
"Gul";"Kudret";"Gerbil";"Gerbil3986@example.net";"+33055583197"
"Panno";"Caronte";"";"Orange945352@example.com";"+33055569871"
"Caronte";"Panno";"Orange94";"Orange945352@example.com";"+33055569871"
"Marchant";"Leslie";"";"lesliemarchant@example.com";"+33055589635"
"Marchant";"Leslie";"";"lesliemarchant@example.com";"+33055589635"
"Marchant";"Leslie";"";"lesliemarchant@example.com";"+33046706123"
"Rouzet";"Anne-Laure";"Raspberry";"Raspberry7086@example.com";"+33055556633"
"Rouzet";"Anne-Laure";"";"Raspberry7086@example.com";"+33055556633"
"Thévenet";"Camille";"";"camillethevenet@example.net";"+33055555878"
"Thévenet";"Camille";"";"camillethevenet@example.net";"+33055555878"
"Alexis";"Couvreur";"";"alexis.couvreur@example.com";"+33055550540"
"Couvreur";"Alexis";"Alexis";"alexis.couvreur@example.com";"+33055550540"
"Philidor";"Lise";"Fury";"Fury3581@example.org";"+33016410055"
"Philidor";"Lise";"Fury";"Fury3581@example.org";"Null"
"Thévenet";"Camille";"";"camille_thevenet@example.net";"+33007709351"
"THÉVENET";"CAMILLE";"";"camille_thevenet@example.net";"+33055555878"
"thévenet";"camille";"";"camille_thevenet@example.net";"+33055555878"
"Pelletier";"Nicolette";"";"nicolette.pelletier@example.net";"+33055528721"
"Pelletier";"Nicolette";"";"nicolette.pelletier@example.net";"+33008161574"
"Aveline";"Lambert";"";"lambert_aveline@example.org";"+33035558521"
"Aveline";"Lambert";"";"lambert_aveline@example.org";"+33035558521"
"Laflèche";"Bérénice";"";"Geckoco8882028@example.com";"+33000555882"
"laflèche";"bérénice";"Geckoco888";"Geckoco8882028@example.com";"+33000555882"
"Laflèche";"Bérénice";"Bérénice";"Geckoco8882028@example.com";"+33000555882"
"Bean";"Paityn";"Baby";"paitynbean@example.com";"+33035550586"
"";"Paityn";"Baby";"paitynbean@example.com";"+33035550586"
"Dufresne";"Grégoire";"";"gregoire.dufresne@example.org";"+33000555949"
"Dufresne";"Grégoire";"";"gregoire.dufresne@example.org";"Null"
"Thévenet";"Camile";"";"camille_thevenet@example.com";"+33055555878"
"Thévenet";"Camille";"";"camille_thevenet@example.com";"Null"
"CAMILLE";"THÉVENET";"";"camille_thevenet@example.com";"+33055555878"
"Trintignant";"Francis";"";"francis.trintignant@example.com";"Null"
"Trintignant";"Francis";"";"francis.trintignant@example.com";"+33055578595"
"Manaudou";"Catherine";"";"catherine_manaudou@example.net";"+33006976771"
"Manaudou";"Catherine";"";"catherine_manaudou@example.net";"+33055565849"
"Niel";"Rosse-Marie";"";"rose.marieniel@example.net";"+33085553361"
"niel";"rose-marie";"";"rose.marieniel@example.net";"+33085553361"
"Héroux";"Victoria";"";"victoria.heroux@example.org";"+33093029446"
"Héroux";"Victoria";"";"victoria.heroux@example.org";"+33055558411"
"Noir";"Laetitia";"";"laetitia_noir@example.net";"+33055523841"
"Noir";"Laetitia";"";"laetitia_noir@example.net";"Null"
"Noir";"Laetitia";"";"laetitia_noir@example.net";"+33055523841"
"Bourcier";"Pierrette";"Pierrette";"pierrettebourcier@example.com";"+33055527716"
"Bourcier";"Pierrette";"";"pierrettebourcier@example.com";"+33055527716"
"Bourcier";"Pierrette";"";"pierrettebourcier@example.com";"+33055527716"
"breguet";"ernest";"";"ernest_breguet@example.net";"+33075554544"
"Breguet";"Ernest";"Ernest";"ernest_breguet@example.net";"+33075554544"
"Willow";"Poole";"";"willow_poole@example.net";"+33035550736"
"Pole";"Willow";"";"willow_poole@example.net";"+33035550736"
"Landry";"Murielle";"";"murielle.landry@example.org";"+33045556333"
"Landry";"Murielle";"";"murielle.landry@example.org";"Null"
"Landry";"Murielle";"";"murielle.landry@example.org";"+33045556333"
"";"Didier";"";"didier_menetries@example.com";"+33000555225"
"Ménétries";"Didier";"";"didier_menetries@example.com";"+33000555225"
"MÉNÉTRIES";"DIDIER";"";"didier_menetries@example.com";"+33000555225"
"Duhamel";"Alexia";"Dinosaur";"Dinosaur5665@example.com";"+33000555226"
"Duhamel";"Alexia";"Dinosaur";"Dinosaur5665@example.com";"Null"
"Courvoisier";"Fabien";"";"fabien.courvoisier@example.org";"+33045556906"
"Courvoisier";"Fabbien";"";"fabien.courvoisier@example.org";"+33045556906"
"Dimont";"Michel";"";"michel_dimont@example.org";"+33000555801"
"Dimont";"Micchel";"";"michel_dimont@example.org";"+33000555801"
"Rigal";"Élisabeth";"";"elisabeth_rigal@example.com";"+33085551092"
"Rigal";"Éliisabeth";"";"elisabeth_rigal@example.com";"+33085551092"
"Rigal";"Élisabeth";"";"elisabeth_rigal@example.com";"+33085551092"
"Hennequin";"Irène";"";"irenehennequin@example.com";"+33000555677"
"Hennequin";"Irène";"";"irenehennequin@example.com";"+33000555677"
"BERGER";"LAMBERT";"";"lambert_berger@example.net";"+33045558211"
"Berger";"Lambert";"";"lambert_berger@example.net";"+33045558211"
"berger";"lambert";"";"lambert_berger@example.net";"+33045558211"
"Stéphane";"Boissonade";"";"stephaneboissonade@example.org";"+33000555082"
"Boissonade";"Stéphane";"";"stephaneboissonade@example.org";"+33000555082"
"boissonade";"stéphane";"";"stephaneboissonade@example.org";"+33000555082"
"Barnier";"Élie";"Élie";"eliebarnier@example.net";"+33045559744"
"Barnier";"Élie";"";"eliebarnier@example.net";"+33045559744"
"Dubos";"Myriam";"Saladiator";"Saladiator4342@example.org";"+33055527882"
"Myriam";"Dubos";"Saladiator";"Saladiator4342@example.org";"+33055527882"
"";"Micheline";"";"micheline_escoffier@example.net";"+33000555373"
"Micheline";"Escoffier";"";"micheline_escoffier@example.net";"+33000555373"
"Escoffier";"Micheline";"Micheline";"micheline_escoffier@example.net";"+33000555373"
"Balzac";"Yvonne";"Barracuda";"yvonnebalzac@example.com";"+33000555648"
"balzac";"yvonne";"Barracuda";"yvonnebalzac@example.com";"+33000555648"
"Édouard";"Lessly";"";"leslyedouard@example.org";"+33075553029"
"Édouard";"Lesly";"";"leslyedouard@example.org";"+33075553029"
"";"Lesly";"";"leslyedouard@example.org";"+33075553029"
"Delafose";"Gautier";"";"gautierdelafose@example.org";"+33035556430"
"Delafose";"Gautier";"";"gautierdelafose@example.org";"+33035556430"
"Bittencourt";"Vincent";"Porcupint";"vincent.bittencourt@example.org";"+33085556737"
"Vincent";"Bittencourt";"Bittencourt";"vincent.bittencourt@example.org";"+33085556737"
"Renaudin";"Olivier";"";"olivier_renaudin@example.org";"+33088783201"
"Renaudin";"Olivier";"";"olivier_renaudin@example.org";"+33099802370"
"lafaille";"léonard";"";"leonardlafaille@example.org";"+33000555687"
"Lafaille";"Léonard";"";"leonardlafaille@example.org";"Null"
"Lafaile";"Léonard";"";"leonardlafaille@example.org";"+33000555687"
"Ménard";"Lorraine";"";"lorraine.menard@example.org";"+33000555894"
"Ménard";"Lorraine";"";"lorraine.menard@example.org";"+33000555894"
"Monteil";"Céccile";"";"cecile_monteil@example.net";"+33045550599"
"";"Cécile";"";"cecile_monteil@example.net";"+33045550599"
"pernet";"carole";"";"carole.pernet@example.com";"+33000555172"
"Pernet";"Carrole";"";"carole.pernet@example.com";"+33000555172"
"Pernet";"Carole";"";"carole.pernet@example.com";"+33000555172"
"Reverdin";"Léoo";"Paladin";"leoreverdin@example.org";"+33045550603"
"Reverdin";"Léo";"";"leoreverdin@example.org";"+33045550603"
"Sayin";"Kizil";"Octopirate";"kizilsayin@example.com";"+33000555196"
"SAYIN";"KIZIL";"Octopirate";"kizilsayin@example.com";"+33000555196"
"Sayin";"Kizil";"Octopirate";"kizilsayin@example.com";"+33000555196"
"";"";"Octopirate";"kizilsayin@example.com";"+33000555196"
"";"";"Droid";"blanche.mallette@example.org";"+33055551065"
"Mallette";"Blanche";"Droid";"blanche.mallette@example.org";"+33055551065"
"";"";"Droid";"blanche.mallette@example.org";"+33055551065"
"Brugière";"Reine";"Reine";"reine.brugiere@example.com";"+33035551858"
"Brugière";"Reine";"";"reine.brugiere@example.com";"+33035551858"
"BRUGIÈRE";"REINE";"";"reine.brugiere@example.com";"+33035551858"
"";"Angélique";"";"angelique.figuier@example.org";"+33035555744"
"Figuier";"Angélique";"";"angelique.figuier@example.org";"Null"
"Figuier";"Angélique";"";"angelique.figuier@example.org";"+33035555744"
"CLARISSE";"BARRANDE";"";"clarisse.barrande@example.net";"+33055581221"
"Barrande";"Clarisse";"";"clarisse.barrande@example.net";"+33055581221"
"De Guignes";"Wilfried";"Revenant";"wilfried_deguignes@example.net";"+33037396518"
"De Guignes";"Wilfried";"Revenant";"wilfried_deguignes@example.net";"+33075557059"
"delsarte";"loup";"";"loup.delsarte@example.com";"+33000555148"
"delsarte";"loup";"";"loup.delsarte@example.com";"+33000555148"
"Delsarte";"Louup";"";"loup.delsarte@example.com";"+33000555148"
"";"";"Rivalkyrie";"Rivalkyrie4591@example.com";"+33085558348"
"Asselineau";"Cécile";"";"Rivalkyrie4591@example.com";"+33085558348"
"Asselineau";"Cécile";"Cécile";"Rivalkyrie4591@example.com";"+33085558348"
"Lemoine";"Emmeline";"Emmeline";"emmeline_lemoine@example.org";"+33055516464"
"Emmeline";"Lemoine";"";"emmeline_lemoine@example.org";"+33055516464"
"";"Emmeline";"";"emmeline_lemoine@example.org";"+33055516464"
"Bassot";"Agathe";"";"agathe_bassot@example.net";"+33055550040"
"bassot";"agathe";"";"agathe_bassot@example.net";"+33055550040"
"Bassot";"Agathe";"";"agathe_bassot@example.net";"+33055550040"
"LOZÉ";"LESLY";"Fledgling";"Fledgling4390@example.org";"+33045550388"
"Lozé";"Lesly";"Fledgling";"Fledgling4390@example.org";"+33045550388"
"lozé";"lesly";"Fledgling";"Fledgling4390@example.org";"+33045550388"
"";"";"General";"jean.charles_devillers@example.com";"+33000555063"
"devillers";"jean-charles";"General";"jean.charles_devillers@example.com";"+33000555063"
"";"Roméo";"Demon";"romeo.botrel@example.net";"+33085551355"
"Botrel";"Roméo";"Roméo";"romeo.botrel@example.net";"+33085551355"
"";"Roméo";"Demon";"romeo.botrel@example.net";"+33085551355"
"Malet";"Hélène";"Chimera";"Chimera9358@example.org";"Null"
"Malet";"Hélène";"Chimera";"Chimera9358@example.org";"+33075552706"
"Brassard";"Aude";"";"aude.brassard@example.com";"+33021284149"
"Brassard";"Aude";"";"aude.brassard@example.com";"+33055528961"
"Brassard";"Aude";"";"aude.brassard@example.com";"+33055528961"
"Grinda";"Lydie";"";"lydie.grinda@example.net";"+33066016709"
"Lydie";"Grinda";"";"lydie.grinda@example.net";"+33000555025"
"Grinda";"Lydie";"";"lydie.grinda@example.net";"+33044774149"
"Tiwari";"Ajay";"";"ajay_tiwari@example.org";"+33055506199"
"Tiwari";"Ajay";"";"ajay_tiwari@example.org";"+33055506199"
"Auch";"Georges";"";"georgesauch@example.net";"Null"
"";"Georges";"";"georgesauch@example.net";"+33055502092"
"";"Simonne";"";"simonne.thiers@example.org";"+33035558570"
"Thiers";"Simonne";"";"simonne.thiers@example.net";"+33035558570"
"Boudreaux";"Jérôme";"Gnu";"Gnu1138@example.org";"+33000555677"
"Henequin";"Irène";"";"irene_hennequin@example.com";"+33000555677"
"";"";"Owl";"aline_rousseau@example.com";"+33055551837"
"Feliciano";"Antonello";"";"antonello.feliciano@example.com";"+33055551837"
"";"Maxence";"Lamb";"Lamb4518@example.net";"+33055554424"
"Maxence";"Gérard";"Lamb";"maxence_gerard@example.org";"+33055554424"
"cartier";"marie-madeleine";"";"marie.madeleine.cartier@example.com";"+33055569481"
"Marie-Madeleine";"Cartier";"";"marie.madeleine.cartier@example.net";"+33055569481"
"TOURNEUR";"RODOLPHE";"";"rodolphe_tourneur@example.org";"+33000555448"
"Tourneur";"Roddolphe";"";"Null";"+33000555448"
"Rosalie";"De Villiers";"Wombat";"Wombat9625@example.net";"+33055538074"
"";"";"Wombat";"Wombat5951@example.org";"+33055538074"
"Côté";"Élééonore";"";"eleonorecote@example.net";"+33000555070"
"Côté";"Éléonore";"";"eleonore_cote@example.com";"+33000555070"
"Gérald";"Lydia";"";"lydia.gerald@example.net";"+33055562346"
"Lydia";"Gérald";"";"lydiagerald@example.net";"+33055562346"
"el-Hasan";"Qisma";"";"qisma.el.hasan@example.net";"+33000555500"
"";"Qisma";"";"qismael.hasan@example.org";"+33000555500"
"Brunele";"Maximilien";"Mutantra";"maximilienbrunelle@example.org";"+33000555532"
"Brunelle";"Maximilien";"Mutantra";"Null";"+33000555532"
"laframboise";"edgar";"";"edgar.laframboise@example.com";"+33000555532"
"";"Zuraara";"";"zuraara.el.noori@example.com";"+33055551777"
"Guillaume";"Gustave";"";"gustave_guillaume@example.org";"+33055551777"
"Manoury";"Pauuline";"Pauuline";"pauline_manoury@example.org";"+33045552485"
"Manoury";"Pauline";"";"paulinemanoury@example.net";"+33045552485"
"Giraud";"Solenn";"";"solenn.giraud@example.org";"Null"
"Ballesdens";"Céleste";"";"celesteballesdens@example.net";"Null"
"Charbonneau";"Lara";"Crocodino29";"Crocodino291900@example.net";"Null"
"Botrel";"Romméo";"Demon";"Demon3835@example.org";"Null"
"Courvoisier";"Fabien";"";"fabiencourvoisier@example.net";"Null"
"al-Guler";"Ilyaas";"";"ilyaas.al.guler@example.net";"Null"
"Robiquet";"Édouard";"";"edouard_robiquet@example.net";"Null"
"Lebas";"Abelone";"";"abelone_lebas@example.net";"Null"
"Chabert";"Adrienne";"";"adrienne.chabert@example.org";"Null"
"Lozé";"Lesly";"Fledgling";"lesly_loze@example.net";"Null"
"al-Salam";"Hamdoona";"";"hamdoona.al.salam@example.com";"Null"
"Tremblay";"Léonard";"";"leonardtremblay@example.net";"Null"
"Aubert";"Théo";"Critturtle";"theo_aubert@example.com";"Null"
"Niel";"Rose-Marie";"";"rose.marie_niel@example.net";"Null"
"Lecocq";"Amélie";"";"amelie.lecocq@example.net";"Null"
"";"Gaëtane";"";"gaetane_brazier@example.net";"Null"
"Allaire";"Lucien";"Slother";"lucien.allaire@example.org";"Null"
"Boudier";"Victor";"";"victor_boudier@example.net";"Null"
"Iovino";"Ottilia";"";"ottilia_iovino@example.net";"Null"
"Lambert";"Céleste";"";"celestelambert@example.org";"Null"
"Affré";"Aymeric";"Jaguwar";"Jaguwar1943@example.net";"+33055555531"
"";"Aymeric";"Jaguwar";"aymeric_@example.net";"+33055555531"
"";"CHRISTINE";"";"Null";"+33055588479"
"Christine";"Corne";"";"christine.corne@example.org";"+33055588479"
"Baker";"Petter";"";"peter.baker@example.net";"+33000555341"
"Desmarais";"Alberte";"";"alberte.desmarais@example.com";"+33000555341"
"Rouzet";"Anne-Laure";"Raspberry";"anne.laurerouzet@example.com";"+33055556633"
"";"";"Raspberry";"anne.laurerouzet@example.net";"+33055556633"
"Bethune";"Sollène";"";"solenebethune@example.net";"+33000555373"
"Escoffier";"Micheline";"";"micheline.escoffier@example.net";"+33000555373"
"Delannoy";"Florian";"";"florian.delannoy@example.org";"+33055527320"
"Florian";"Delannoy";"";"floriandelannoy@example.com";"+33055527320"
