"Sarah";"GUILLOUX";"";"sarah_guilloux@example.org";"+33085552877"
"Camille";"THÉVENET";"";"camille_thevenet@example.net";"+33007709351"
"Benoît";"BEAUDOUIN";"";"benoit_beaudouin@example.net";"+33099395922"
"Lesly";"LOZÉ";"Fledgling";"fledgling4390@example.org";"+33045550388"
"Gayylord";"MANAUDOU";"";"gaylord.manaudou@example.org";"+33065555734"
"Amanda";"BESNARD";"";"amanda.besnard@example.com";"+33055587491"
"Kizil";"SAYIN";"Octopirate";"kizilsayin@example.com";"+33000555196"
"Emmeline";"LEMOINE";"";"emmeline.lemoine@example.org";"+33055516464"
"Lauurent";"BETHUNE";"Leaf123";"leaf1235364@example.com";"+33055542145"
"Nicolas";"ABBADIE";"";"nicolasabbadie@example.com";""
"Claudie";"LEFRANÇOIS";"";"";"+33000555533"
"Norbert";"TOURNEUR";"";"norberttourneur@example.org";"+33032054734"
"Odette";"BOUDET";"";"odette_boudet@example.com";"+33055560911"
"Briley";"HURST";"";"brileyhurst@example.org";"+33000555302"
"Solenn";"GIRAUD";"";"solenn.giraud@example.org";""
"Hugo";"COOKE";"";"hugo.cooke@example.com";"+33003247929"
"Shukriyya";"EL-ABED";"";"shukriyya.el.abed@example.org";"+33055557808"
"Bastien";"ARCENEAUX";"Orangutan";"bastien.arceneaux@example.net";"+33055526553"
"Lessly";"ÉDOUARD";"";"leslyedouard@example.org";"+33075553029"
"Élisabeth";"RIGAL";"";"elisabeth_rigal@example.com";"+33085551092"
"Angèle";"BAUMÉ";"";"angele_baume@example.org";"+33000555295"
"Jean-louis";"LIÈVREMONT";"Gibbonbon";"";"+33055531878"
"Zuraara";"EL-NOORI";"";"";"+33055551777"
"Leila";"BESNARD";"";"";"+33055562840"
"Élise";"LEVETT";"Élise";"eliselevett@example.net";"+33055569296"
"Thierry";"ESCOFFIER";"";"thierry_escoffier@example.com";"+33055500605"
"Anne-laure";"ROUZET";"Raspberry";"raspberry7086@example.com";"+33055556633"
"Blanche";"MALLETTE";"Droid";"droid1567@example.org";"+33055551065"
"";"";"Owl";"aline_rousseau@example.com";"+33055551837"
"Émeline";"MARCHAL";"Gnoll";"emeline.marchal@example.net";"+33045558312"
"Aline";"DEMARET";"";"aline.demaret@example.net";"+33019300775"
"Lucille";"BATTEUX";"Thunder";"";"+33055511273"
"Fiona";"BACQUE";"";"fiona_bacque@example.com";"+33000555636"
"Reine";"BRUGIÈRE";"Reine";"reine.brugiere@example.com";"+33035551858"
"Adrienne";"BROCHARD";"";"";"+33045558159"
"Christiane";"MATTHIEU";"";"christiane_matthieu@example.net";"+33075555520"
"Lydia";"GÉRALD";"";"lydia.gerald@example.net";"+33055562346"
"Hiranyagarbha";"REDY";"Villain";"hiranyagarbhareddy@example.net";"+33035557344"
"Bérénice";"LAFLÈCHE";"";"geckoco8882028@example.com";"+33000555882"
"Lydie";"GRINDA";"";"lydie.grinda@example.net";"+33066016709"
"Camile";"THÉVENET";"";"camille_thevenet@example.com";"+33055555878"
"Clément";"LECLÈRE";"";"clement_leclere@example.com";"+33055525410"
"Camille";"THÉVENET";"";"camille_thevenet@example.net";"+33055555878"
"Ram";"ISSAC";"";"ram.issac@example.org";"+33055586590"
"Rosse-marie";"NIEL";"";"rose.marieniel@example.net";"+33085553361"
"Abbadie";"NICOLAS";"";"nicolasabbadie@example.com";"+33055537536"
"Ansovino";"BORINO";"Gringoliath44";"ansovino.borino@example.org";"+33000555541"
"Élie";"BARNIER";"Élie";"eliebarnier@example.net";"+33045559744"
"Adélie";"MILLET";"";"adeliemillet@example.org";"+33055551079"
"Muriel";"LAURENS";"";"muriel_laurens@example.net";"+33075555171"
"Angélique";"";"";"angelique.figuier@example.org";"+33035555744"
"Sylvia";"COURBIS";"";"sylvia_courbis@example.net";"+33055514177"
"Thaddée";"PLEIMELDING";"Rascalf";"";"+33055538944"
"Odile";"GAUDREAU";"";"odile_gaudreau@example.net";"+33085554242"
"Deslys";"LUCILE";"";"lucile.deslys@example.org";"+33055509263"
"Boissonade";"STÉPHANE";"";"stephaneboissonade@example.org";"+33000555082"
"Simon";"MOITESSIER";"";"simon_moitessier@example.org";""
"Léonard";"LAFAILLE";"";"leonardlafaille@example.org";"+33000555687"
"Petter";"BAKER";"";"peter.baker@example.net";"+33000555341"
"";"";"Rivalkyrie";"rivalkyrie4591@example.com";"+33085558348"
"Ram";"ISSAC";"";"ram.issac@example.com";"+33055586590"
"Laëtitia";"PLESSIS";"";"laetitiaplessis@example.org";"+33000555441"
"Ajay";"";"";"ajaytiwari@example.org";"+33055506199"
"Maxence";"GÉRARD";"Lamb";"lamb5300@example.org";"+33066267618"
"Shaaheen";"AL-SAAD";"Viper";"shaaheen.al.saad@example.org";"+33000555178"
"Céleste";"BALLESDENS";"";"celesteballesdens@example.net";""
"Lise";"PHILIDOR";"Fury";"fury3581@example.org";"+33016410055"
"Ilyaas";"AL-GULER";"";"ilyaas_al.guler@example.net";"+33055588498"
"Sollène";"BETHUNE";"";"solenebethune@example.net";"+33000555373"
"Marie-christine";"COURVOISIER";"Sheep";"";"+33055519626"
"Clélia";"MARCHAND";"";"clelia.marchand@example.org";"+33000555030"
"Éloïse";"BETTENCOURT";"Ogremlin";"ogremlin3595@example.org";"+33000555294"
"Lydia";"";"Frog";"frog7281@example.net";"+33065557561"
"Ajay";"TIWARI";"";"ajay_tiwari@example.org";"+33055506199"
"Angélique";"FIGUIER";"";"angelique.figuier@example.org";""
"Bernadette";"BATEUX";"";"bernadette_batteux@example.com";"+33085554280"
"Chardin";"ALBERTINE";"Khajiit";"albertinechardin@example.net";"+33055582026"
"Arlette";"MARCHANT";"Wrecker";"arlette.marchant@example.org";"+33001552968"
"Cem";"ERDEMIR";"Cem";"cem.erdemir@example.org";"+33055515215"
"Nicolette";"PELLETIER";"";"nicolettepelletier@example.com";"+33055528721"
"Gwenaëlle";"DUTERTRE";"";"gwenaelledutertre@example.net";"+33085554047"
"Jérémy";"CHANEY";"";"fuguru2346@example.com";"+33075554070"
"Hiranyagarbha";"";"Villain";"hiranyagarbhareddy@example.net";"+33035557344"
"Inès";"PASSEREAU";"";"";"+33055595164"
"Justine";"BOUTHILLIER";"";"justine_bouthillier@example.net";"+33000555791"
"Shukriyya";"EL-ABED";"";"shukriyya.el.abed@example.org";"+33055557808"
"Larue";"MATTHIEU";"Zebra";"matthieularue@example.net";"+33000555858"
"Viviane";"BRUNEAU";"Viviane";"spookworm7637@example.com";"+33000555132"
"Laëtitia";"PLESSIS";"Laëtitia";"laetitia_plessis@example.org";"+33000555441"
"Angeline";"BARTHET";"Locust";"locust75@example.org";""
"Jean";"DE-VILLEPIN";"Phoenixia";"";"+33000555837"
"Joëlle";"VAUGEOIS";"";"joelle_vaugeois@example.com";"+33052549976"
"Laetitia";"NOIR";"";"laetitia_noir@example.org";"+33055523841"
"Labeeb";"EL-SULTANA";"Custard";"";"+33055514762"
"Fabien";"COURVOISIER";"";"fabien_courvoisier@example.org";"+33045556906"
"Élisabeth";"RIGAL";"";"";"+33085551092"
"Muriel";"LAURENS";"";"muriel.laurens@example.org";"+33075555171"
"Alexia";"DUHAMEL";"Dinosaur";"dinosaur5991@example.net";"+33000555226"
"Micheline";"ESCOFFIER";"";"micheline.escoffier@example.net";"+33000555373"
"Quinziano";"BOTTONI";"Unbanshee";"quinzianobottoni@example.org";"+33055551822"
"Lara";"CHARBONNEAU";"Crocodino29";"crocodino291900@example.net";""
"Laetitia";"NOIR";"";"laetitia.noir@example.net";"+33055523841"
"Romméo";"BOTREL";"Demon";"demon3835@example.org";""
"Georges";"";"Domignome";"georges.touchard@example.com";"+33075555876"
"Ménétries";"DIDIER";"";"didier.menetries@example.org";"+33000555225"
"Alex";"DESJARDINS";"";"alexdesjardins@example.com";"+33055552413"
"Rodolphe";"TOURNEUR";"";"rodolphetourneur@example.com";"+33000555448"
"Gatha";"MANDA";"";"gathamanda@example.com";"+33075557257"
"Reccep";"GOKCEN";"Techy";"recepgokcen@example.org";"+33000555736"
"Solenn";"GARDET";"";"solenngardet@example.com";"+33000555042"
"Vincent";"BITTENCOURT";"Porcupint";"vincent.bittencourt@example.org";"+33085556737"
"Aline";"ROUSSEAU";"";"alinerousseau@example.org";"+33000555579"
"";"";"Frog";"frog4169@example.com";"+33065557561"
"Léonard";"LAFAILLE";"";"leonardlafaille@example.org";""
"Reine";"BRUGIÈRE";"";"reine.brugiere@example.com";"+33035551858"
"Abdul-Quddoos";"EL-BURKI";"Angel";"abdulquddoos_el.burki@example.com";"+33055513225"
"Héloïse";"DABOVILLE";"Héloïse";"heloisedaboville@example.net";"+33055596077"
"Ginette";"VANNIER";"";"ginette.vannier@example.com";"+33000555793"
"Albane";"ABADIE";"Komodough";"albaneabadie@example.com";"+33000555834"
"Chloé";"BETTENCOURT";"";"chloe_bettencourt@example.com";"+33085550834"
"Leila";"BESNARD";"";"";"+33055562840"
"Olivier";"RENAUDIN";"";"olivier_renaudin@example.org";"+33088783201"
"Adrienne";"CHABERT";"";"adriennechabert@example.net";"+33000555766"
"Gwenaël";"BRIAN";"";"gwenaelbrian@example.net";"+33000555513"
"Calanico";"DANTONI";"";"calanico_dantoni@example.org";"+33000555355"
"Cécile";"ASSELINEAU";"";"rivalkyrie4591@example.com";"+33085558348"
"Rosalie";"CARBONNEAU";"";"rosaliecarbonneau@example.org";"+33055588089"
"De-Villepin";"JEAN";"Phoenixia";"jean.devillepin@example.org";"+33000555837"
"Fiona";"BACQUE";"";"fiona.bacque@example.org";"+33000555636"
"";"";"Droid";"blanche.mallette@example.org";"+33055551065"
"Ameline";"";"";"ameline.choffard@example.org";"+33055532252"
"Émeeline";"MARCHAL";"Gnoll";"gnoll4805@example.org";"+33045558312"
"Rosalie";"DE-VILLIERS";"Wombat";"wombat1470@example.net";"+33055538074"
"Kuddret";"GUL";"Gerbil";"gerbil3986@example.net";"+33055583197"
"";"";"Gnu";"jerome.boudreaux@example.net";"+33000555677"
"Alexia";"DUHAMEL";"Dinosaur";"dinosaur53@example.net";"+33096426764"
"Rose-marie";"NIEL";"";"rose.marieniel@example.net";"+33085553361"
"Aliine";"DEMARET";"";"aline.demaret@example.net";"+33000555391"
"Nancy";"GRIBELIN";"Immortal";"immortal7207@example.org";"+33000555979"
"Adèle";"COULOMB";"Adèle";"adele_coulomb@example.com";"+33055533458"
"Bérrénice";"LAFLÈCHE";"Geckoco888";"berenice.lafleche@example.org";"+33000555882"
"Léoo";"REVERDIN";"Paladin";"paladin4409@example.net";"+33045550603"
"Véronique";"MESSIER";"";"veroniquemessier@example.org";"+33055552031"
"Élie";"BARNIER";"";"eliebarnier@example.net";"+33045559744"
"Ernest";"BREGUET";"";"ernest_breguet@example.net";"+33075554544"
"Jean";"DE-VILLEPIN";"Phoenixia";"phoenixia8122@example.org";"+33000555837"
"Arlette";"MARCHANT";"Wrecker";"arlette.marchant@example.org";"+33055552511"
"Océane";"BOULANGER";"";"oceane.boulanger@example.org";"+33035553381"
"Hector";"RAYMOND";"";"raymond_hector@example.com";"+33045551623"
"Cécile";"ASSELINEAU";"Rivalkyrie";"cecile_asselineau@example.net";"+33085558348"
"Axelle";"ABOUT";"";"axelleabout@example.net";"+33000555503"
"Élise";"HAUET";"";"elisehauet@example.net";"+33045551510"
"Angeline";"BARTHET";"Locust";"locust1681@example.com";"+33000555017"
"Laurent";"BETHUNE";"Leaf123";"leaf1238987@example.net";"+33055542145"
"Calanico";"DANTONI";"Melon";"melon431@example.org";"+33000555355"
"Noëlle";"MOITESSIER";"Tauren";"noellemoitessier@example.org";"+33055540489"
"Turna";"KARACA";"";"turna_karaca@example.com";"+33055537731"
"Didier";"";"";"didier_menetries@example.com";"+33000555225"
"Rosalie";"DE-VILLIERS";"Wombat";"";"+33055538074"
"Fraancine";"MOINEAU";"";"francine_moineau@example.org";"+33035551671"
"Ghyslaine";"DUPUY";"";"";"+33055577023"
"Bastien";"ARCENEAUX";"Orangutan";"bastien_arceneaux@example.net";"+33055526553"
"Blanche";"MALLETTE";"Droid";"blanche.mallette@example.org";"+33055551065"
"Gautier";"DELAFOSE";"";"gautierdelafose@example.org";"+33035556430"
"Gérald";"LYDIA";"";"lydiagerald@example.net";"+33055562346"
"Jean-louis";"FÉRET";"";"jean.louisferet@example.org";"+33055503238"
"Fabien";"COURVOISIER";"";"fabiencourvoisier@example.net";""
"Fabien";"COURVOISIER";"";"fabien_courvoisier@example.org";"+33045556906"
"Solenn";"GIRAUD";"";"solenngiraud@example.org";"+33075556656"
"Suzanne";"PHILIPPON";"Suzanne";"suzanne_philippon@example.net";"+33055502280"
"Camille";"THÉVENET";"";"camillethevenet@example.net";"+33055555878"
"Gauri";"BHAGAT";"Spillager";"spillager7814@example.com";"+33055537882"
"Rosalie";"DE-VILLIERS";"Wombat";"rosalie_devilliers@example.org";"+33055538074"
"René";"OUVRARD";"";"rene.ouvrard@example.org";"+33045556019"
"Camille";"BRUNELLE";"";"camille.brunelle@example.com";"+33000555703"
"Jean-loup";"BOUSQUET";"";"jean.loup.bousquet@example.net";"+33000555289"
"Sophie";"KAPLAN";"";"";"+33055582879"
"Burak";"";"";"burak_ince@example.org";"+33000555443"
"Kudret";"GUL";"Gerbil";"gerbil3986@example.net";"+33055583197"
"Rosalie";"CARBONNEAU";"";"rosalie_carbonneau@example.net";"+33055588089"
"Matthias";"COURBIS";"";"matthias.courbis@example.org";"+33000555182"
"Laetitia";"NOIR";"Laetitia";"";"+33055523841"
"Aseela";"AL-TAWIL";"";"aseelaal.tawil@example.com";"+33000555659"
"Angélique";"FIGUIER";"";"angeliquefiguier@example.com";"+33035555744"
"Tourneur";"NORBERT";"";"norbert.tourneur@example.org";"+33055516208"
"Camille";"THÉVENET";"";"camille_thevenet@example.com";""
"Gauri";"BHAGAT";"Spillager";"gauri_bhagat@example.net";"+33055537882"
"Pierrette";"BOURCIER";"Pierrette";"pierrettebourcier@example.com";"+33055527716"
"Burak";"INCE";"";"burak_ince@example.org";"+33000555443"
"Christine";"CORNE";"";"";"+33055588479"
"Ameline";"CHOFFARD";"";"amelinechoffard@example.org";"+33055532252"
"Élise";"HAUET";"";"";"+33045551510"
"Murielle";"LANDRY";"";"murielle.landry@example.org";"+33045556333"
"";"";"Lion";"lion3423@example.com";"+33052047006"
"Laurent";"BETHUNE";"Leaf123";"laurent_bethune@example.org";"+33075032525"
"Yvonne";"BALZAC";"Barracuda";"";"+33000555648"
"Laurent";"BETHUNE";"Leaf123";"leaf1238987@example.net";"+33002783218"
"Séverin";"BESCOND";"";"severinbescond@example.com";"+33075552781"
"Thaddée";"PLEIMELDING";"Rascalf";"rascalf601@example.org";"+33055538944"
"Agathe";"BASSOT";"";"agathe_bassot@example.net";"+33055550040"
"Lydia";"GENET";"Frog";"frog4169@example.com";"+33065557561"
"Sébastien";"BAUMÉ";"";"sebastienbaume@example.com";"+33065554882"
"Norbert";"TOURNEUR";"";"norberttourneur@example.org";"+33055516208"
"Francis";"TRINTIGNANT";"";"francistrintignant@example.net";"+33055578595"
"Roberte";"FRÈRE";"";"roberte.frere@example.com";"+33055514817"
"Véronique";"MESSIER";"Véronique";"veroniquemessier@example.org";"+33055552031"
"Jérôme";"BOUDREAUX";"Gnu";"jerome.boudreaux@example.net";"+33000555677"
"Lesly";"ÉDOUARD";"";"lesly_edouard@example.net";"+33075553029"
"Micheline";"";"";"micheline_escoffier@example.net";"+33000555373"
"Romaine";"BEAUGENDRE";"";"romaine.beaugendre@example.org";"+33000555081"
"Blandine";"DENIAU";"";"blandine_deniau@example.org";"+33000555453"
"Kizil";"SAYIN";"Octopirate";"kizilsayin@example.com";"+33000555196"
"Régine";"PÉRIER";"Régine";"regine.perier@example.com";"+33000555204"
"Francis";"TRINTIGNANT";"";"francis.trintignant@example.com";""
"Roméo";"";"Demon";"romeo.botrel@example.net";"+33085551355"
"Sarah";"GUILLOUX";"";"sarah_guilloux@example.com";"+33085552877"
"Clélia";"MARCHAND";"";"clelia.marchand@example.org";"+33000555030"
"Solange";"PASSEREAU";"";"solange.passereau@example.org";"+33085550657"
"Catherine";"MANAUDOU";"";"catherinemanaudou@example.net";"+33055565849"
"Laetitia";"NOIR";"";"laetitia_noir@example.net";"+33055523841"
"Asttrid";"SEYRÈS";"";"astrid.seyres@example.net";"+33000555091"
"José";"BEAUFILS";"";"jose_beaufils@example.org";"+33000555424"
"Justine";"BOUTHILLIER";"";"justine_bouthillier@example.net";"+33000555791"
"Hiranyagarbha";"REDY";"Villain";"villain3002@example.org";"+33035557344"
"Barrande";"CLARISSE";"";"clarisse.barrande@example.net";"+33055581221"
"Ilyaas";"AL-GULER";"";"ilyaas.al.guler@example.net";""
"Jennifer";"DE-VILLIERS";"";"jennifer.devilliers@example.com";"+33093768430"
"Fabien";"COURVOISIER";"Fabien";"fabien_courvoisier@example.org";"+33045556906"
"Ilyaas";"AL-GULER";"";"ilyaas_al.guler@example.com";"+33055588498"
"Angélique";"FIGUIER";"";"angelique.figuier@example.com";"+33035555744"
"Julienne";"CLÉRICO";"";"julienne.clerico@example.com";"+33055507370"
"Matthias";"COURBIS";"Matthias";"matthias.courbis@example.org";"+33000555182"
"Zuraara";"";"";"zuraara.el.noori@example.com";"+33055551777"
"Astrid";"SEYRÈS";"";"astrid.seyres@example.net";"+33000555091"
"Angélique";"FIGUIER";"";"angelique.figuier@example.com";"+33035555744"
"";"";"Locust";"locust1681@example.com";"+33000555017"
"Julia";"ASTIER";"Julia";"julia.astier@example.net";"+33045559388"
"Manaudou";"CATTHERINE";"";"catherinemanaudou@example.net";"+33055565849"
"Reddy";"HIRANYAGARBHA";"Villain";"hiranyagarbhareddy@example.net";"+33035557344"
"Anne-laure";"ROUZET";"Raspberry";"anne.laurerouzet@example.com";"+33055556633"
"Irène";"HENNEQUIN";"";"";"+33000555677"
"Anne-laure";"ROUZET";"";"raspberry7086@example.com";"+33055556633"
"Denis";"ADNET";"";"denis.adnet@example.com";"+33085553214"
"Rébeca";"COMPERE";"";"rebeccacompere@example.org";"+33085552814"
"Solenn";"GIRAUD";"";"solenngiraud@example.org";"+33075556656"
"Emmeline";"LEMOINE";"Emmeline";"emmeline_lemoine@example.org";"+33055516464"
"Didier";"MÉNÉTRIES";"";"didiermenetries@example.com";""
"Ghyslaine";"DUPUY";"";"ghyslaine.dupuy@example.com";"+33091812729"
"Paityn";"";"Baby";"baby158@example.com";"+33035550586"
"";"";"General";"jean.charles_devillers@example.com";"+33000555063"
"Pauuline";"MANOURY";"Pauuline";"pauline_manoury@example.org";"+33045552485"
"Blanche";"MALLETTE";"Droid";"droid1567@example.org";"+33055551065"
"Nicolas";"ABBADIE";"";"nicolasabbadie@example.com";"+33055537536"
"Geoffroy";"CORDONIER";"Stitches";"stitches5664@example.org";"+33055541000"
"Aymeric";"AFFRÉ";"Jaguwar";"jaguwar1943@example.net";"+33055555531"
"Camille";"THÉVENET";"";"camillethevenet@example.net";"+33055555878"
"";"";"Frog";"frog7281@example.net";"+33065557561"
"Muriel";"LAURENS";"";"";"+33075555171"
"Simonne";"";"";"simonne.thiers@example.org";"+33035558570"
"Denis";"ADNET";"";"denis_adnet@example.com";"+33085553214"
"Reine";"BRUGIÈRE";"";"reine.brugiere@example.com";"+33035551858"
"Gianluigi";"BURDI";"Baboon";"baboon605@example.com";"+33055557572"
"René";"OUVRARD";"";"reneouvrard@example.org";"+33045556019"
"William";"HARRIS";"";"";"+33055573405"
"Myriam";"DUBOS";"Saladiator";"saladiator1090@example.org";"+33055527882"
"Gwenaëlle";"DUTERTRE";"";"gwenaelle_dutertre@example.org";"+33039968929"
"Axelle";"ABOUT";"Axelle";"axelleabout@example.net";"+33000555503"
"Alfred";"GAINSBOURG";"Alfred";"alfredgainsbourg@example.org";"+33035552685"
"Catherine";"MANAUDOU";"";"";"+33055565849"
"Marie-madeleine";"CARTIER";"";"marie.madeleine.cartier@example.com";"+33055569481"
"Murielle";"LANDRY";"";"murielle.landry@example.org";""
"Benoît";"BEAUDOUIN";"";"benoit_beaudouin@example.net";"+33000555197"
"Arlette";"MARCHANT";"Wrecker";"arlette.marchant@example.org";"+33028136769"
"Grinda";"LYDIE";"";"lydie.grinda@example.net";"+33000555025"
"Francis";"TRINTIGNANT";"";"francis.trintignant@example.com";"+33055578595"
"Édouard";"ROBIQUET";"";"edouard_robiquet@example.net";""
"Adèle";"COULOMB";"";"adele_coulomb@example.com";"+33055533458"
"Gustave";"GUILLAUME";"";"gustave_guillaume@example.org";"+33055551777"
"Barthélemy";"GAUBERT";"";"barthelemygaubert@example.com";"+33046699440"
"Marina";"SIMON";"";"marina.simon@example.net";"+33065557043"
"Zekiye";"KEMAL";"";"zekiye.kemal@example.com";"+33014671369"
"Justine";"BOUTHILLIER";"Wolverival";"wolverival4808@example.com";"+33000555791"
"Muriel";"LAURENS";"";"muriel.laurens@example.net";"+33006116604"
"Albertine";"CHARDIN";"Albertine";"albertinechardin@example.net";"+33055582026"
"Rébecca";"COMPERE";"";"";"+33085552814"
"Balzac";"SYLVIANE";"";"sylviane.balzac@example.net";"+33035553812"
"Jennifer";"DE-VILLIERS";"";"";"+33055559226"
"Gautier";"";"";"gautier_delafose@example.com";"+33035556430"
"Yolande";"CHOPIN";"";"yolandechopin@example.org";"+33055554248"
"Ameline";"";"";"ameline.choffard@example.org";"+33055532252"
"Jean-noël";"BONHOMME";"";"jean.noelbonhomme@example.com";"+33055589050"
"Angélique";"FIGUIER";"";"angelique.figuier@example.org";"+33035555744"
"De-Villiers";"JENNIFER";"";"jenniferdevilliers@example.net";"+33055559226"
"Nicolette";"PELETIER";"";"nicolettepelletier@example.com";"+33055528721"
"Inès";"PASSEREAU";"";"ines.passereau@example.net";"+33055595164"
"Wilfried";"DE-GUIGNES";"Revenant";"";"+33075557059"
"Joëlle";"VAUGEOIS";"";"joelle_vaugeois@example.com";"+33018512471"
"Céleste";"BALLESDENS";"";"celesteballesdens@example.com";"+33065559771"
"Pauline";"MANOURY";"";"paulinemanoury@example.net";"+33045552485"
"Perrine";"BOTREL";"";"perrine.botrel@example.net";"+33000555685"
"Florian";"DELANNOY";"";"florian.delannoy@example.org";"+33055527320"
"William";"HARRIS";"William";"william_harris@example.com";"+33055573405"
"Norbert";"TOURNEUR";"";"norbert_tourneur@example.net";"+33055516208"
"Aude";"BRASSARD";"";"aude.brassard@example.com";"+33021284149"
"Suzanne";"PHILIPPON";"";"suzanne_philippon@example.net";"+33055502280"
"Régine";"PÉRIER";"";"regine.perier@example.com";"+33000555204"
"Joëlle";"VAUGEOIS";"";"joelle_vaugeois@example.com";"+33085557596"
"Madeleine";"PORTIER";"";"madeleine.portier@example.com";"+33006476553"
"Odile";"BOFRAND";"";"odileboffrand@example.org";"+33000088891"
"Abelone";"LEBAS";"";"abelone_lebas@example.net";""
"Irène";"HENNEQUIN";"";"irenehennequin@example.com";"+33000555677"
"Matthias";"COURBIS";"";"matthias_courbis@example.net";"+33000555182"
"Odile";"GAUDREAU";"";"odile.gaudreau@example.net";"+33085554242"
"Cartier";"MARIE-MADELEINE";"";"marie.madeleine.cartier@example.net";"+33055569481"
"Darnell";"BLEVINS";"";"darnell_blevins@example.org";"+33045552559"
"Béatrice";"";"";"beatriceduhamel@example.net";"+33000555547"
"Adrien";"VÉRANY";"";"adrien_verany@example.org";"+33000555110"
"Shukriyya";"";"";"shukriyya.el.abed@example.com";"+33055557808"
"Albane";"ABADIE";"Komodough";"albaneabadie@example.org";"+33000555834"
"Adrienne";"CHABERT";"";"adrienne.chabert@example.org";""
"Antonello";"FELICIANO";"";"antonello.feliciano@example.com";"+33055551837"
"Rébecca";"COMPERE";"";"";"+33085552814"
"Laetitia";"NOIR";"";"laetitia_noir@example.org";"+33032411564"
"Ludovic";"DUJARDIN";"Spirit";"";"+33055500223"
"Julienne";"CLÉRICO";"";"julienneclerico@example.net";"+33055507370"
"Maïté";"PHILIDOR";"";"maite.philidor@example.org";"+33035552507"
"Gaylord";"MANAUDOU";"";"gaylord.manaudou@example.org";"+33065555734"
"Régine";"PÉRIER";"";"regine_perier@example.com";"+33000555204"
"Jeanne";"VERNIER";"";"jeanne_vernier@example.org";"+33068548618"
"Yilmaz";"";"";"yilmaz_atay@example.org";"+33055524232"
"Yvonne";"BESNARD";"";"yvonne_besnard@example.com";"+33055521010"
"Béatrice";"DUHAMEL";"";"beatrice_duhamel@example.org";"+33000555547"
"Lesly";"LOZÉ";"Fledgling";"fledgling4390@example.org";"+33045550388"
"Murielle";"ARDOUIN";"Piagnome";"murielleardouin@example.net";"+33055535947"
"Aymeric";"";"Jaguwar";"aymeric_@example.net";"+33055555531"
"Lesly";"ÉDOUARD";"";"leslyedouard@example.org";"+33075553029"
"Jean-noël";"BONHOMME";"";"jean.noelbonhomme@example.com";"+33054211767"
"Maïïté";"PHILIDOR";"";"maitephilidor@example.net";"+33035552507"
"Irène";"HENNEQUIN";"";"irenehennequin@example.com";"+33000555677"
"Matthias";"COURBIS";"";"matthias_courbis@example.net";"+33000555182"
"Ishvara";"MUNSHI";"";"";"+33075550641"
"Delafose";"GAUTIER";"";"gautier_delafose@example.com";"+33035556430"
"Camille";"BRUNELLE";"Camille";"camille.brunelle@example.com";"+33000555703"
"Élise";"HAUET";"";"elise.hauet@example.com";"+33045551510"
"Aline";"ROUSSEAU";"";"alinerousseau@example.org";"+33000555579"
"Angèle";"BAUMÉ";"";"angele_baume@example.org";"+33000555295"
"Jean-charles";"DEVILLERS";"General";"jean.charles_devillers@example.com";"+33000555063"
"Tatiana";"LAVAUD";"Pear623";"pear6235277@example.net";"+33055526948"
"Alexia";"DUHAMEL";"";"dinosaur5991@example.net";""
"Francis";"TRINTIGNANT";"";"francis_trintignant@example.org";"+33055578595"
"Lambert";"BERGER";"";"lambertberger@example.net";"+33045558211"
"Hélène";"MALET";"Chimera";"chimera9358@example.org";""
"Valérie";"GICQUEL";"";"valerie.gicquel@example.org";"+33055529222"
"Audrey";"DUTERTRE";"";"audreydutertre@example.org";"+33055572690"
"Yvonne";"BALZAC";"Barracuda";"yvonnebalzac@example.com";"+33000555648"
"Léonard";"LAFAILLE";"";"leonard_lafaille@example.org";"+33000555687"
"Charbonneau";"LARA";"Crocodino29";"crocodino299699@example.net";"+33055554627"
"Blanche";"MALLETTE";"Droid";"droid1567@example.org";"+33055551065"
"Pierrette";"BOURCIER";"Pierrette";"pierrettebourcier@example.org";"+33055527716"
"Ayboga";"CERCI";"Walker";"ayboga.cerci@example.org";"+33000555212"
"Matthias";"COURBIS";"";"matthias.courbis@example.org";"+33000555182"
"";"PAITYN";"Baby";"baby158@example.com";"+33035550586"
"Lemoine";"EMMELINE";"";"emmeline_lemoine@example.com";"+33055516464"
"";"";"Raspberry";"anne.laurerouzet@example.net";"+33055556633"
"Norbert";"TOURNEUR";"";"norberttourneur@example.com";"+33055516208"
"Lesly";"LOZÉ";"Fledgling";"lesly_loze@example.com";"+33045550388"
"Roméo";"BOTREL";"Roméo";"romeo.botrel@example.net";"+33085551355"
"Ernest";"BREGUET";"";"ernest.breguet@example.org";"+33075554544"
"Maximilien";"BRUNELE";"Mutantra";"maximilienbrunelle@example.org";"+33000555532"
"Hubert";"GIRAULT";"";"hubertgirault@example.org";"+33045556357"
"Calanico";"DANTONI";"Melon";"melon431@example.org";"+33000555355"
"Chabert";"ADRIENNE";"";"adrienne_chabert@example.net";"+33000555766"
"Noël";"AUBERJONOIS";"";"noelauberjonois@example.com";"+33055572890"
"Nicolette";"PELLETIER";"";"nicolette.pelletier@example.net";"+33055528721"
"Héloïse";"DABOVILLE";"";"heloisedaboville@example.net";"+33055596077"
"Céccile";"MONTEIL";"";"cecile_monteil@example.net";"+33045550599"
"Rosalie";"CARBONNEAU";"";"rosaliecarbonneau@example.org";""
"Catherine";"MANAUDOU";"";"catherine_manaudou@example.net";"+33006976771"
"Gayylord";"MANAUDOU";"";"gaylord_manaudou@example.org";"+33065555734"
"Rosalie";"CARBONNEAU";"";"rosalie_carbonneau@example.net";"+33055588089"
"Jeaan-paul";"DELAPLACE";"";"jean.paul.delaplace@example.net";"+33055568287"
"Leslie";"MARCHANT";"";"lesliemarchant@example.com";"+33055589635"
"Honorine";"BARBEAU";"Magpiechart";"magpiechart4859@example.net";"+33055548225"
"René";"";"";"rene.ouvrard@example.org";""
"Aude";"BRASSARD";"";"aude.brassard@example.com";"+33055528961"
"Axelle";"ABOUT";"";"axelle_about@example.org";"+33000555503"
"Éloïse";"BETENCOURT";"Ogremlin";"eloise.bettencourt@example.org";"+33000555294"
"Gabriel";"DEMBÉLÉ";"";"gabrieldembele@example.com";"+33045558249"
"Phoenix";"BURCH";"";"phoenixburch@example.org";"+33045552808"
"Murielle";"ARDOUIN";"Piagnome";"piagnome3717@example.com";"+33055535947"
"Hélène";"MALET";"Hélène";"helenemalet@example.org";"+33075552706"
"René";"OUVRARD";"";"rene.ouvrard@example.org";"+33045556019"
"Alex";"DESJARDINS";"";"alex.desjardins@example.com";"+33055552413"
"Francine";"DIDIER";"Sniperipheral";"francinedidier@example.com";"+33075473548"
"Natacha";"BERTILLON";"GuineaPiggy";"";"+33055566940"
"Mathéo";"CHAUVE";"";"matheochauve@example.net";"+33000555122"
"Rosalie";"CARBONNEAU";"";"";"+33055588089"
"Christine";"CORNE";"";"christine.corne@example.net";"+33055588479"
"Ishvara";"MUNSHI";"";"ishvara.munshi@example.net";"+33075550641"
"Dannièle";"GÉRIN-LAJOIE";"";"daniele.gerin.lajoie@example.com";""
"Bertrand";"MOREAU";"";"bertrand.moreau@example.net";"+33055504221"
"Perrine";"BOTREL";"";"perrine.botrel@example.com";"+33023900587"
"Tyler";"WOOD";"Ant";"ant9680@example.net";"+33085559023"
"Paityn";"BEAN";"Baby";"paitynbean@example.com";"+33035550586"
"Simonne";"THIERS";"";"simonne.thiers@example.net";"+33035558570"
"Lou";"SHARPE";"";"lou.sharpe@example.org";"+33075552021"
"Lesly";"LOZÉ";"Fledgling";"lesly_loze@example.net";""
"Olivier";"RENAUDIN";"";"";"+33000555786"
"Francis";"TRINTIGNANT";"";"francistrintignant@example.net";"+33055578595"
"Céleste";"BALLESDENS";"";"";"+33065559771"
"Hubert";"GIRAULT";"Hubert";"hubert.girault@example.org";"+33045556357"
"Hamdoona";"AL-SALAM";"";"hamdoona.al.salam@example.com";""
"Perrine";"BOTREL";"";"perrinebotrel@example.org";"+33000555685"
"Fabien";"COURVOISIER";"";"fabien.courvoisier@example.org";"+33045556906"
"Salwa";"";"";"salwaal.baig@example.net";"+33065558717"
"Laetitia";"NOIR";"";"laetitia_noir@example.net";""
"Poole";"WILLOW";"";"willow_poole@example.net";"+33035550736"
"Alexis";"COUVREUR";"";"alexis_couvreur@example.com";"+33055550540"
"Thierry";"ESCOFFIER";"Bot";"thierry_escoffier@example.com";"+33081311609"
"Chloé";"BETTENCOURT";"";"chloe.bettencourt@example.org";"+33085550834"
"Gaby";"DARCHE";"";"gaby_darche@example.com";"+33045550668"
"Chantal";"MARCHAL";"";"chantal_marchal@example.org";"+33055512951"
"Blandine";"DENIAU";"";"blandine_deniau@example.net";"+33000555453"
"Muriel";"STUART";"";"muriel_stuart@example.org";"+33055584296"
"Kizil";"SAYIN";"Octopirate";"kizilsayin@example.com";"+33000555196"
"Gaby";"DARCHE";"Gaby";"gaby_darche@example.com";"+33045550668"
"Rodolphe";"TOURNEUR";"";"rodolphetourneur@example.com";"+33000555448"
"Jean-noël";"BONHOMME";"";"jean.noelbonhomme@example.com";"+33055589050"
"Léonard";"TREMBLAY";"";"leonardtremblay@example.net";""
"Murielle";"LANDRY";"";"murielle.landry@example.org";"+33045556333"
"Maximilien";"BRUNELLE";"Mutantra";"";"+33000555532"
"Lesly";"LOZÉ";"Fledgling";"lesly_loze@example.com";"+33045550388"
"Catherine";"BAILLAIRGÉ";"";"catherine_baillairge@example.com";"+33000555058"
"Thierry";"ESCOFFIER";"Bot";"thierry_escoffier@example.org";"+33055500605"
"Mathieu";"LARUE";"Zebra";"matthieularue@example.net";"+33000555858"
"Salwa";"";"";"salwaal.baig@example.net";"+33065558717"
"Gatha";"MANDA";"";"gathamanda@example.com";"+33075557257"
"Syllviane";"BALZAC";"";"sylviane.balzac@example.net";"+33035553812"
"Myriam";"DUBOS";"Saladiator";"saladiator1090@example.org";"+33055527882"
"Danièle";"CHAPPUIS";"";"daniele_chappuis@example.com";"+33055598558"
"Clélia";"MARCHAND";"";"clelia.marchand@example.net";"+33000555030"
"Théo";"AUBERT";"Critturtle";"theo_aubert@example.com";""
"Kizil";"SAYIN";"Octopirate";"octopirate8874@example.org";"+33000555196"
"Qissma";"EL-HASAN";"";"qismael.hasan@example.net";"+33000555500"
"Phoenix";"BURCH";"";"phoenixburch@example.org";"+33045552808"
"Caronte";"PANNO";"";"orange945352@example.com";"+33055569871"
"Albertine";"CHARDIN";"Khajiit";"albertinechardin@example.org";"+33055582026"
"Camille";"THÉVENET";"";"camille_thevenet@example.net";"+33055555878"
"Hélène";"MALET";"Chimera";"helenemalet@example.net";"+33075552706"
"Élise";"LEVET";"";"elise.levett@example.org";"+33055569296"
"Béatrice";"DUHAMEL";"";"beatriceduhamel@example.net";"+33042923759"
"Agathe";"BASSOT";"";"agathe_bassot@example.net";"+33055550040"
"Alex";"DESJARDINS";"";"alex_desjardins@example.net";"+33055552413"
"Sophie";"KAPLAN";"";"sophie_kaplan@example.com";"+33055582879"
"";"";"Chimera";"helenemalet@example.org";"+33075552706"
"Régine";"PÉRIER";"";"regine.perier@example.com";"+33000555204"
"Sylvia";"COURBIS";"";"sylviacourbis@example.net";"+33055514177"
"Alberte";"DESMARAIS";"";"alberte.desmarais@example.com";"+33000555341"
"Ernest";"BREGUET";"Ernest";"ernest_breguet@example.net";"+33075554544"
"Marie-christine";"COURVOISIER";"Sheep";"sheep8929@example.net";"+33055519626"
"Abelone";"LEBAS";"";"abelone.lebas@example.net";"+33000555466"
"Thévenet";"CAMILLE";"";"camille_thevenet@example.com";"+33055555878"
"Ajay";"TIWARI";"";"ajay_tiwari@example.org";"+33055506199"
"Fiona";"BACQUE";"";"fiona.bacque@example.net";"+33000555636"
"Maxence";"";"Lamb";"lamb4518@example.net";"+33055554424"
"Gwenaëlle";"DUTERTRE";"";"";"+33085554047"
"Hubert";"GIRAULT";"";"hubert.girault@example.org";"+33045556357"
"Audrey";"DUTERTRE";"";"audrey.dutertre@example.com";"+33055572690"
"Alex";"DESJARDINS";"";"alex.desjardins@example.com";"+33055552413"
"Romaine";"BEAUGENDRE";"";"romaine.beaugendre@example.org";"+33000555081"
"Alexia";"DUHAMEL";"Dinosaur";"dinosaur5665@example.com";"+33000555226"
"Odile";"GAUDREAU";"";"odilegaudreau@example.org";"+33095092074"
"Claudie";"LEFRANÇOIS";"Claudie";"claudie_lefrancois@example.org";"+33000555533"
"Thaddée";"PLEIMELDING";"Rascalf";"";"+33055538944"
"Solenn";"GIRAUD";"";"solenngiraud@example.org";""
"Alesia";"LONGINO";"";"alessia_longino@example.org";"+33000555929"
"Clarisse";"BARRANDE";"";"clarisse.barrande@example.net";"+33055581221"
"Didier";"MÉNÉTRIES";"";"didier_menetries@example.com";"+33000555225"
"Jean-noël";"BONHOMME";"";"jean.noelbonhomme@example.com";"+33055589050"
"Auriane";"DE-SAINT-PIERRE";"Auriane";"siren9115@example.com";"+33000555611"
"Aline";"ROUSSEAU";"";"alinerousseau@example.org";"+33003459448"
"Barthélemy";"GAUBERT";"";"barthelemygaubert@example.com";""
"René";"OUVRARD";"";"rene.ouvrard@example.org";""
"Zuraara";"EL-NOORI";"";"";"+33055551777"
"Dennis";"ADNET";"";"denis.adnet@example.net";"+33085553214"
"Clarisse";"ASSELIN";"";"";"+33055523651"
"Nicolette";"PELLETIER";"";"";"+33055528721"
"Hélène";"MALET";"Chimera";"chimera9358@example.org";"+33075552706"
"Tatiana";"LAVAUD";"Tatiana";"pear6235277@example.net";"+33055526948"
"Léonard";"LAFAILE";"";"leonardlafaille@example.org";"+33000555687"
"Jean";"";"Phoenixia";"jean.devillepin@example.org";"+33000555837"
"Claudie";"LEFRANÇOIS";"";"claudie.lefrancois@example.com";"+33000555533"
"Rose-marie";"NIEL";"";"rose.marie_niel@example.net";""
"Désiré";"GARDET";"";"desiregardet@example.com";"+33085557946"
"Shaaheen";"AL-SAAD";"Viper";"viper9855@example.org";"+33000555178"
"Victoria";"HÉROUX";"";"victoria.heroux@example.org";"+33093029446"
"Abélia";"MACE";"Lion";"";"+33055594346"
"Honorine";"BARBEAU";"Magpiechart";"honorine.barbeau@example.org";"+33055548225"
"Élise";"HAUET";"";"elise_hauet@example.org";"+33045551510"
"Muriel";"LAURENS";"";"muriellaurens@example.net";"+33075555171"
"";"";"Champeon";"ceciliagaudin@example.com";"+33000555298"
"Jean-marie";"DELANNOY";"Jean-Marie";"doggy7720@example.org";"+33000555589"
"";"";"Locust";"locust75@example.org";"+33000555017"
"Barthélemy";"GAUBERT";"";"";"+33000555354"
"Gaylord";"MANAUDOU";"";"";"+33065555734"
"Danièle";"GÉRIN-LAJOIE";"";"danielegerin.lajoie@example.net";"+33055511986"
"Didier";"MÉNÉTRIES";"";"didier.menetries@example.org";"+33000555225"
"Lambert";"BERGER";"";"lambert_berger@example.net";"+33045558211"
"Didier";"MÉNÉTRIES";"";"didier_menetries@example.com";"+33000555225"
"Thaddée";"";"Rascalf";"rascalf601@example.org";"+33055538944"
"Amélie";"LECOCQ";"";"amelie.lecocq@example.net";""
"Olivier";"RENAUDIN";"";"olivier_renaudin@example.org";"+33099802370"
"Lucien";"ALLAIRE";"Slother";"";"+33055557287"
"Yvonne";"BESNARD";"Yvonne";"yvonne_besnard@example.com";"+33055521010"
"Salwa";"AL-BAIG";"";"salwaal.baig@example.net";"+33065558717"
"Beaudouin";"BENOÎT";"";"benoitbeaudouin@example.net";"+33000555197"
"Pauuline";"";"";"pauline_manoury@example.net";"+33045552485"
"Ériic";"REVERDIN";"";"eric_reverdin@example.org";"+33055541258"
"Thierry";"ESCOFFIER";"Bot";"bot8194@example.net";"+33055500605"
"Joëlle";"VAUGEOIS";"";"joellevaugeois@example.net";"+33085557596"
"Compere";"RÉBECCA";"";"rebeccacompere@example.org";"+33085552814"
"Ginette";"VANNIER";"";"ginette_vannier@example.net";"+33000555793"
"Ghyslaine";"DUPUY";"";"ghyslaine.dupuy@example.com";"+33055577023"
"Pierrette";"BOURCIER";"";"pierrettebourcier@example.com";"+33055527716"
"Yvonne";"BALZAC";"Barracuda";"yvonnebalzac@example.com";"+33000555648"
"Edmond";"VIDAL";"";"edmond_vidal@example.com";"+33055597778"
"Gaëtane";"";"";"gaetane_brazier@example.net";""
"Léoo";"REVERDIN";"Paladin";"leoreverdin@example.org";"+33045550603"
"Leila";"BESNARD";"";"leila_besnard@example.net";"+33055562840"
"Thaddée";"";"Rascalf";"thaddee_pleimelding@example.net";"+33055538944"
"Jean-loup";"CAZENAVE";"";"jean.loup_cazenave@example.org";"+33035558865"
"Léonard";"LAFAILLE";"";"leonard_lafaille@example.org";""
"Blanche";"MALLETTE";"";"droid2290@example.com";"+33055551065"
"Alexia";"DUHAMEL";"Dinosaur";"dinosaur53@example.net";"+33000555226"
"Lesly";"LOZÉ";"Fledgling";"fledgling4390@example.org";"+33045550388"
"Tuba";"NALCI";"";"";"+33055589916"
"Sophie";"KAPLAN";"";"sophiekaplan@example.net";"+33055582879"
"Leila";"BESNARD";"";"leilabesnard@example.net";"+33055562840"
"Carole";"PERNET";"";"carole.pernet@example.com";"+33000555172"
"";"";"Octopirate";"kizilsayin@example.com";"+33000555196"
"Élééonore";"CÔTÉ";"";"eleonorecote@example.net";"+33000555070"
"Rodolphe";"TOURNEUR";"";"rodolphetourneur@example.com";"+33000555448"
"Jean-loup";"CAZENAVE";"";"jean.loup.cazenave@example.org";"+33035558865"
"Gaëlle";"";"";"gaelle.barrande@example.net";"+33075559979"
"Romaine";"LAFROMBOISE";"Banditto";"banditto7006@example.org";"+33055520502"
"Geoffroy";"CORDONNIER";"Stitches";"geoffroy.cordonnier@example.com";"+33055541000"
"Bérénice";"LAFLÈCHE";"Geckoco888";"geckoco8882028@example.com";"+33000555882"
"Élie";"BARNIER";"";"";"+33045559744"
"Lise";"KLÉBER";"";"lise.kleber@example.org";"+33000555249"
"Roselyne";"MATTHIEU";"Asprince";"";"+33055554253"
"Cordonnier";"GEOFFROY";"Stitches";"stitches5664@example.org";"+33055541000"
"Mathéo";"CHAUVE";"";"matheochauve@example.net";"+33000555122"
"Gaylord";"MANAUDOU";"Gaylord";"gaylord_manaudou@example.org";"+33065555734"
"Vincent";"BITTENCOURT";"Porcupint";"porcupint1782@example.org";"+33085556737"
"Ginette";"";"";"ginette.vannier@example.com";"+33000555793"
"Wilfried";"DE-GUIGNES";"Revenant";"wilfried_deguignes@example.net";"+33037396518"
"Leila";"BESNARD";"";"leila_besnard@example.net";""
"Danièle";"";"";"daniele.gerin.lajoie@example.com";"+33055511986"
"Lucien";"ALLAIRE";"Slother";"lucien.allaire@example.org";""
"Darnell";"BLEVINS";"Darnell";"darnell.blevins@example.net";"+33045552559"
"Joubert";"FLORE";"Spook10";"spook103577@example.org";"+33055555229"
"Simon";"MOITESSIER";"";"simon_moitessier@example.org";"+33065558750"
"Victor";"BOUDIER";"";"victor_boudier@example.net";""
"Rébecca";"COMPERE";"";"rebeccacompere@example.org";"+33085552814"
"Benoît";"BEAUDOUIN";"";"benoit_beaudouin@example.net";"+33000555197"
"Jean-loup";"CAZENAVE";"";"jean.loup.cazenave@example.org";"+33035558865"
"Ginette";"HENNEQUIN";"Ginette";"ginette.hennequin@example.net";"+33055513233"
"Azéma";"ANNE-SOPHIE";"";"anne.sophieazema@example.net";"+33055590950"
"Irène";"HENNEQUIN";"";"irenehennequin@example.org";"+33000555677"
"Solenn";"GIRAUD";"";"";"+33075556656"
"Gwenaëlle";"DU-TOIT";"";"";"+33055578852"
"Océane";"FOURNIER";"Océane";"goghost9259@example.com";"+33000555081"
"Lambert";"AVELINE";"";"lambert_aveline@example.org";"+33035558521"
"Darche";"GABY";"";"gaby_darche@example.org";"+33045550668"
"Sébastien";"BAUMÉ";"";"sebastienbaume@example.com";"+33065554882"
"Clarisse";"ASSELIN";"";"clarisse_asselin@example.org";"+33055523651"
"Odile";"BOFFRAND";"";"odileboffrand@example.org";"+33027010234"
"Sigolène";"DE-GUIGNES";"";"sigolene.deguignes@example.com";"+33000555903"
"Suzanne";"PHILIPPON";"";"suzanne_philippon@example.net";"+33015973005"
"Agathe";"BASSOT";"";"agathe_bassot@example.net";"+33055550040"
"Gaëtane";"BRAZIER";"";"gaetanebrazier@example.com";"+33045553498"
"Christiane";"MATTHIEU";"";"christiane_matthieu@example.net";""
"Jennifer";"DE-VILLIERS";"";"jennifer.devilliers@example.com";"+33055559226"
"Jean-noël";"BONHOMME";"";"jean.noelbonhomme@example.com";"+33055589050"
"Chloé";"BETTENCOURT";"";"chloe_bettencourt@example.com";"+33085550834"
"";"";"Stitches";"geoffroy.cordonnier@example.com";"+33055541000"
"Radolfo";"DRAGONE";"";"";"+33055562593"
"Léo";"";"Paladin";"paladin4409@example.net";"+33045550603"
"Claudie";"LEFRANÇOIS";"";"";"+33000555533"
"Lorraine";"MÉNARD";"";"lorraine.menard@example.org";"+33000555894"
"Gaëlle";"BARRANDE";"";"gaelle.barrande@example.net";"+33075559979"
"Matthias";"COURBIS";"";"matthias_courbis@example.net";"+33000555182"
"Catherine";"MANAUDOU";"";"catherinemanaudou@example.net";"+33055565849"
"Rébeca";"COMPERE";"";"rebeccacompere@example.org";"+33085552814"
"Myriam";"DUBOS";"Saladiator";"saladiator4342@example.org";"+33055527882"
"Simon";"MOITESIER";"";"simon_moitessier@example.org";"+33065558750"
"Geoffroy";"CORDONNIER";"Stitches";"geoffroycordonnier@example.net";"+33039181026"
"Wilfried";"DE-GUIGNES";"Revenant";"wilfried_deguignes@example.net";"+33075557059"
"Sébastien";"BAUMÉ";"";"sebastienbaume@example.com";"+33065554882"
"Edmond";"VIDAL";"";"edmondvidal@example.net";"+33055597778"
"Nicolette";"PELLETIER";"";"nicolettepelletier@example.org";"+33055528721"
"Lorraine";"MÉNARD";"";"lorraine.menard@example.org";"+33000555894"
"Georges";"TOUCHARD";"Domignome";"georges.touchard@example.com";"+33075555876"
"Audrey";"DUTERTRE";"";"audrey.dutertre@example.org";"+33055572690"
"Éléonore";"CÔTÉ";"";"eleonore_cote@example.com";"+33000555070"
"Rohana";"RAM";"Rohana";"rohana_ram@example.org";"+33000555727"
"Stéphane";"BOISSONADE";"";"stephaneboissonade@example.org";"+33000555082"
"Couvreur";"ALEXIS";"";"alexis.couvreur@example.com";"+33055550540"
"Gwenaël";"BRIAN";"";"gwenaelbrian@example.net";"+33000555513"
"Loup";"DELSARTE";"";"loup.delsarte@example.com";"+33000555148"
"Panno";"CARONTE";"Orange94";"orange945352@example.com";"+33055569871"
"Lucille";"BATTEUX";"Thunder";"lucillebatteux@example.com";"+33055511273"
"Paulette";"";"Fellama";"fellama7122@example.org";"+33000555066"
"Caronte";"PANNO";"Orange94";"";"+33055569871"
"Solange";"PASSEREAU";"";"";"+33085550657"
"Moira";"MACINA";"Lemon";"moira.macina@example.net";"+33085553310"
"Lambert";"BERGER";"";"lambert.berger@example.net";"+33045558211"
"";"";"Melon";"calanico_dantoni@example.org";"+33000555355"
"Marie-christine";"COURVOISIER";"Sheep";"marie.christine_courvoisier@example.com";"+33055519626"
"Christine";"";"";"";"+33055588479"
"Jérôme";"BOUDREAUX";"Gnu";"gnu1138@example.org";"+33000555677"
"Suzanne";"PHILIPPON";"";"suzanne.philippon@example.net";"+33055502280"
"Muriel";"LAURENS";"";"muriel.laurens@example.org";"+33075555171"
"Vincent";"BITTENCOURT";"Vincent";"porcupint1782@example.org";"+33085556737"
"Bérénice";"LAFLÈCHE";"Geckoco888";"geckoco8884536@example.com";"+33000555882"
"Sylvia";"";"";"sylviacourbis@example.net";"+33055514177"
"Éric";"REVERDIN";"";"eric_reverdin@example.org";""
"Léonard";"TREMBLAY";"";"leonard.tremblay@example.net";"+33076093618"
"Catherine";"MANAUDOU";"";"catherine_manaudou@example.net";"+33055565849"
"Murriel";"LAURENS";"";"muriellaurens@example.net";"+33075555171"
"Viviane";"BRUNEAU";"";"spookworm7637@example.com";"+33000555132"
"Vincent";"BITTENCOURT";"Porcupint";"porcupint1782@example.org";"+33085556737"
"Emmeline";"LEMOINE";"";"emmeline_lemoine@example.com";"+33055516464"
"Axelle";"ABOUT";"";"axelleabout@example.org";"+33000555503"
"Cécile";"";"";"cecile_monteil@example.net";"+33045550599"
"Adeline";"HÉBRAS";"";"adeline_hebras@example.org";"+33085551987"
"Lambert";"BERGER";"";"lambert_berger@example.net";"+33045558211"
"Victoire";"BISSONNETTE";"";"victoire.bissonnette@example.org";"+33055529543"
"Cécile";"ASSELINEAU";"Cécile";"rivalkyrie4591@example.com";"+33085558348"
"Laurens";"MURIEL";"";"muriellaurens@example.net";"+33075555171"
"Lise";"PHILIDOR";"Fury";"fury3581@example.org";""
"Maéva";"BEAUCHAMP";"";"maeva_beauchamp@example.net";"+33000555850"
"Émeline";"MARCHAL";"Gnoll";"gnoll4805@example.org";"+33045558312"
"Olivier";"RENAUDIN";"";"olivier_renaudin@example.net";"+33000555786"
"Zuraara";"EL-NOORI";"";"zuraara.el.noori@example.org";"+33055551777"
"Alexia";"DUHAMEL";"Dinosaur";"dinosaur53@example.net";"+33089724047"
"Rodolphe";"TOURNEUR";"";"rodolphe_tourneur@example.org";"+33000555448"
"Burak";"INCE";"";"burakince@example.net";"+33000555443"
"Burch";"";"";"phoenixburch@example.org";"+33045552808"
"Moira";"MACINA";"";"lemon8261@example.org";"+33085553310"
"Coline";"BÉLIVEAU";"";"coline.beliveau@example.com";"+33065551816"
"";"";"Spirit";"spirit5111@example.org";"+33055500223"
"Lucile";"DESLYS";"";"";"+33055509263"
"Adèle";"COULOMB";"";"adele_coulomb@example.com";"+33055533458"
"Miryam";"TROTTIER";"";"miryam_trottier@example.com";"+33075551003"
"Gwenaëlle";"DUTERTRE";"";"gwenaelle_dutertre@example.org";"+33029162108"
"Victoria";"HÉROUX";"";"victoria_heroux@example.org";"+33065466415"
"Nicolas";"ABADIE";"";"nicolas.abbadie@example.org";"+33055537536"
"Lambert";"BERGER";"";"lambertberger@example.net";"+33045558211"
"Maéva";"BEAUCHAMP";"";"maeva.beauchamp@example.net";"+33000555850"
"Gaëtane";"BRAZIER";"";"gaetane.brazier@example.net";"+33045553498"
"Camille";"THÉVENET";"";"camillethevenet@example.com";"+33055555878"
"Bean";"PAITYN";"Baby";"baby2909@example.net";"+33035550586"
"Passereau";"INÈS";"";"ines.passereau@example.org";"+33055595164"
"Labeeb";"EL-SULTANA";"Labeeb";"labeebel.sultana@example.org";"+33055514762"
"Désiré";"GARDET";"";"desire_gardet@example.net";"+33085557946"
"Sarah";"GUILLOUX";"";"sarah_guilloux@example.com";"+33085552877"
"Léo";"REVERDIN";"";"paladin4409@example.net";"+33045550603"
"Valérie";"GICQUEL";"";"valerie.gicquel@example.org";"+33055529222"
"Gautier";"DELAFOSE";"Gautier";"gautier_delafose@example.com";"+33035556430"
"Labeeb";"EL-SULTANA";"Custard";"custard8227@example.net";"+33055514762"
"Simon";"MOITESSIER";"";"simonmoitessier@example.org";"+33065558750"
"Georges";"AUCH";"";"georgesauch@example.net";""
"Léonard";"TREMBLAY";"";"leonard.tremblay@example.net";"+33000555927"
"Aude";"BRASSARD";"";"aude.brassard@example.com";"+33055528961"
"Laetitia";"NOIR";"";"laetitia_noir@example.net";"+33055523841"
"Élie";"BARNIER";"";"elie.barnier@example.com";"+33045559744"
"Alexia";"DUHAMEL";"Dinosaur";"dinosaur5665@example.com";""
"Bousquet";"JEAN-LOUP";"Pumpkin";"jean.loup.bousquet@example.net";"+33000555289"
"Nicolette";"PELLETIER";"";"nicolettepelletier@example.com";"+33055528721"
"Ludovic";"DUJARDIN";"Spirit";"spirit5111@example.org";"+33055500223"
"Irène";"HENEQUIN";"";"irene_hennequin@example.com";"+33000555677"
"Éloïse";"BETTENCOURT";"Ogremlin";"eloisebettencourt@example.net";"+33000555294"
"Ajay";"TIWARI";"";"ajay_tiwari@example.com";"+33055506199"
"Nadine";"";"Boomer";"boomer1915@example.com";"+33000555028"
"Héloïse";"DABOVILLE";"";"heloisedaboville@example.net";"+33055596077"
"Calanico";"DANTONI";"Melon";"calanicodantoni@example.net";"+33062630221"
"Inès";"PASSEREAU";"";"ines.passereau@example.net";"+33055595164"
"Paityn";"BEAN";"Baby";"baby2909@example.net";"+33035550586"
"Pierrette";"BOURCIER";"";"pierrettebourcier@example.com";"+33055527716"
"Kudret";"GUL";"Gerbil";"gerbil3986@example.net";"+33055583197"
"Lambert";"BERGER";"";"lambertberger@example.net";"+33047025239"
"Fabbien";"COURVOISIER";"";"fabien.courvoisier@example.org";"+33045556906"
"Roddolphe";"TOURNEUR";"";"";"+33000555448"
"Gérard";"MAXENCE";"Lamb";"maxence_gerard@example.org";"+33055554424"
"Leslie";"MARCHANT";"";"lesliemarchant@example.com";"+33055589635"
"Qisma";"EL-HASAN";"";"qisma.el.hasan@example.net";"+33000555500"
"Escoffier";"MICHELINE";"";"micheline_escoffier@example.net";"+33000555373"
"Lemoine";"EMMELINE";"";"emmeline_lemoine@example.org";"+33055516464"
"Michel";"DIMONT";"";"michel_dimont@example.org";"+33000555801"
"Yvonne";"";"";"yvonne_besnard@example.com";"+33055521010"
"";"";"Droid";"blanche.mallette@example.org";"+33055551065"
"Émilienne";"NAUDÉ";"";"emiliennenaude@example.net";"+33075559046"
"Leila";"BESNARD";"";"leilabesnard@example.net";""
"Florentin";"THIBAULT";"";"florentin_thibault@example.com";"+33045551842"
"Aubrey";"NICHOLSON";"Pirate";"pirate7792@example.com";"+33055567826"
"Porthos";"JÉGOU";"Porthos";"porthos.jegou@example.org";"+33000555709"
"Anggeline";"BARTHET";"Locust";"locust1681@example.com";"+33000555017"
"Hiranyagarbha";"REDDY";"Villain";"villain3002@example.org";"+33035557344"
"Fernande";"PINCHON";"";"fernande.pinchon@example.org";"+33055524916"
"Gautier";"DELAFOSE";"";"gautierdelafose@example.org";"+33035556430"
"Roselyne";"MATTHIEU";"Asprince";"asprince8720@example.org";"+33055554253"
"Emmeline";"";"";"emmeline_lemoine@example.org";"+33055516464"
"Jennifer";"DE-VILLIERS";"";"jennifer.devilliers@example.com";""
"Mathéo";"CHAUVE";"";"matheochauve@example.org";"+33000555122"
"";"";"Gnu";"jerome.boudreaux@example.net";"+33000555677"
"Mathéo";"CHAUVE";"";"matheochauve@example.net";"+33000555122"
"Nicolette";"PELLETIER";"";"nicolette.pelletier@example.net";"+33008161574"
"Calanico";"DANTONI";"Melon";"calanicodantoni@example.net";""
"Solenn";"GARDET";"";"solenngardet@example.org";"+33000555042"
"Gilles";"DU-TOIT";"";"gilles_dutoit@example.com";"+33000555242"
"Lydie";"GRINDA";"";"lydie.grinda@example.net";"+33044774149"
"Léonard";"LAFAILLE";"";"leonard_lafaille@example.org";"+33000555687"
"Loup";"DELSARTE";"";"loup.delsarte@example.com";"+33000555148"
"Édouard";"ROBIQUET";"";"edouard_robiquet@example.org";"+33075554457"
"Natacha";"BERTILLON";"GuineaPiggy";"natacha.bertillon@example.com";"+33055566940"
"Désiré";"GARDET";"";"desiregardet@example.com";"+33085557946"
"Calanico";"DANTONI";"Melon";"melon431@example.org";"+33035211397"
"Gwenaël";"BRIAN";"";"gwenaelbrian@example.net";"+33000555513"
"Maïïté";"PHILIDOR";"";"maitephilidor@example.com";"+33035552507"
"Adrienne";"CHABERT";"";"adrienne_chabert@example.net";"+33000555766"
"Lucile";"DESLYS";"Lucile";"lucile.deslys@example.org";"+33055509263"
"Adeline";"HÉBRAS";"";"adeline_hebras@example.org";"+33085551987"
"Dubos";"MYRIAM";"Saladiator";"saladiator4342@example.org";"+33055527882"
"Eliise";"BAUDET";"Tsardine";"tsardine8370@example.org";"+33055559078"
"Pauline";"MANOURY";"Pauline";"pauline_manoury@example.net";"+33045552485"
"Murielle";"ARDOUIN";"Piagnome";"murielle_ardouin@example.com";"+33049922249"
"Caronte";"PANNO";"Orange94";"orange949041@example.com";"+33055569871"
"Gaby";"DARCHE";"";"gaby_darche@example.com";"+33045550668"
"Monique";"CHAUSSON";"";"monique.chausson@example.net";"+33000555087"
"Ayboga";"CERCI";"Walker";"walker7491@example.com";"+33000555212"
"Roméo";"";"Demon";"romeo.botrel@example.net";"+33085551355"
"";"";"Gibbonbon";"jean.louis.lievremont@example.com";"+33055531878"
"De-Villiers";"ROSALIE";"Wombat";"wombat9625@example.net";"+33055538074"
"Viviane";"BRUNEAU";"Spookworm";"viviane.bruneau@example.net";"+33015247971"
"Chaantal";"MARCHAL";"";"chantal_marchal@example.org";"+33055512951"
"Catherine";"";"";"catherinemanaudou@example.net";"+33055565849"
"El-hasan";"QISMA";"";"qismael.hasan@example.net";"+33000555500"
"Dantoni";"CALANICO";"Melon";"calanico_dantoni@example.org";"+33000555355"
"Lorraine";"MÉNARD";"";"";"+33000555894"
"Jean-noël";"BONHOMME";"";"jean.noelbonhomme@example.com";"+33055589050"
"Alexia";"DUHAMEL";"Dinosaur";"dinosaur5991@example.net";"+33000555226"
"Kizil";"SAYIN";"";"octopirate8874@example.org";"+33000555196"
"Briley";"HURST";"";"briley_hurst@example.org";"+33000555302"
"Remi";"GAUME";"Sassassin007";"remigaume@example.com";"+33045556154"
"Vanessa";"PIERLOT";"Monk";"monk8750@example.org";"+33055589083"
"Danièle";"CHAPPUIS";"";"";"+33055598558"
"Christelle";"BASCHET";"Christelle";"christelle_baschet@example.org";"+33055586285"
"Élise";"HAUET";"";"elise_hauet@example.org";"+33045551510"
"Gaëlle";"BARRANDE";"";"gaelle_barrande@example.org";"+33075559979"
"William";"HARRIS";"";"william_harris@example.com";"+33055573405"
"Paityn";"";"Baby";"paitynbean@example.com";"+33035550586"
"Gaëtane";"JOGUET";"";"gaetanejoguet@example.net";"+33055572705"
"Laetitia";"NOIR";"";"laetitia.noir@example.net";"+33055523841"
"Hélène";"MALET";"";"helene.malet@example.net";"+33075552706"
"Qisma";"";"";"qismael.hasan@example.org";"+33000555500"
"Bérénice";"";"Geckoco888";"berenice.lafleche@example.org";"+33000555882"
"";"";"Immortal";"immortal7207@example.org";"+33000555979"
"Edmond";"VIDAL";"";"edmond_vidal@example.com";"+33099891958"
"Darnell";"BLEVINS";"Darnell";"darnell_blevins@example.org";"+33045552559"
"Jean-marie";"LAZARD";"";"jean.marielazard@example.com";"+33045550496"
"Éliisabeth";"RIGAL";"";"elisabeth_rigal@example.com";"+33085551092"
"Marina";"SIMON";"";"marina.simon@example.net";"+33065557043"
"Nicolas";"";"";"nicolas.abbadie@example.org";"+33055537536"
"Micheline";"ESCOFFIER";"Micheline";"micheline_escoffier@example.net";"+33000555373"
"Jennifer";"DE-VILLIERS";"Jennifer";"jenniferdevilliers@example.net";"+33055559226"
"Carrole";"PERNET";"";"carole.pernet@example.com";"+33000555172"
"Emmeline";"LEMOINE";"";"emmeline.lemoine@example.org";"+33055516464"
"Élisabeth";"RIGAL";"";"elisabeth_rigal@example.com";"+33085551092"
"Edgar";"LAFRAMBOISE";"";"edgar.laframboise@example.com";"+33000555532"
"Anga";"VARTY";"";"anga.varty@example.net";"+33055559779"
"Élie";"BARNIER";"";"elie.barnier@example.com";"+33045559744"
"Niel";"ROSE-MARIE";"";"rose.marie.niel@example.org";"+33085553361"
"Jean-louis";"LIÈVREMONT";"Gibbonbon";"jean.louislievremont@example.net";"+33055531878"
"Astrid";"SEYRÈS";"";"astrid_seyres@example.org";"+33000555091"
"Odile";"BOFFRAND";"Odile";"odileboffrand@example.org";"+33038477747"
"Héllène";"MALET";"Chimera";"helene.malet@example.net";"+33075552706"
"Chloé";"BETTENCOURT";"";"chloe.bettencourt@example.org";"+33085550834"
"Édouard";"ROBIQUET";"";"edouard.robiquet@example.net";"+33075554457"
"Victoria";"HÉROUX";"";"victoria.heroux@example.org";"+33055558411"
"Balzac";"SYLVIANE";"";"sylviane.balzac@example.net";"+33035553812"
"Jean";"DE-VILLEPIN";"Jean";"jean.devillepin@example.org";"+33000555837"
"Jonathan";"DUFRESNE";"";"bingoblin1146@example.com";"+33000555470"
"Laetitia";"NOIR";"";"laetitia.noir@example.net";"+33055523841"
"Gwenaëlle";"DUTERTRE";"";"gwenaelle_dutertre@example.org";"+33085554047"
"Jean";"DE-VILLEPIN";"Phoenixia";"phoenixia8122@example.org";"+33000555837"
"Tatiana";"LAVAUD";"";"pear6235277@example.net";"+33055526948"
"Hauet";"ÉLISE";"";"elise_hauet@example.org";"+33045551510"
"Clélia";"MARCHAND";"";"clelia.marchand@example.org";"+33000555030"
"Ludovic";"DUJARDIN";"Spirit";"ludovic_dujardin@example.com";"+33055500223"
"Élise";"LEVETT";"";"elise.levett@example.org";"+33055569296"
"";"";"Wombat";"wombat5951@example.org";"+33055538074"
"Hélène";"MALET";"Chimera";"helenemalet@example.org";"+33054012137"
"Bastien";"ARCENEAUX";"Orangutan";"bastien.arceneaux@example.net";"+33055526553"
"Jean-marie";"LAZARD";"";"";"+33045550496"
"Francine";"DIDIER";"Francine";"francinedidier@example.com";"+33000555670"
"Mishra";"HARA";"";"hara_mishra@example.org";"+33000555999"
"Julia";"ASTIER";"";"julia.astier@example.net";"+33045559388"
"Carole";"PERNET";"";"carole.pernet@example.com";"+33000555172"
"Porthos";"JÉGOU";"";"porthos.jegou@example.org";"+33000555709"
"Alceste";"BATTIER";"Alceste";"alceste.battier@example.com";"+33055553524"
"Inès";"PASSEREAU";"";"inespassereau@example.net";"+33055595164"
"Bittencourt";"VINCENT";"Bittencourt";"vincent.bittencourt@example.org";"+33085556737"
"Delannoy";"FLORIAN";"";"floriandelannoy@example.com";"+33055527320"
"Rane";"RAO";"";"";"+33000555078"
"Danièle";"CHAPPUIS";"";"danielechappuis@example.com";"+33055598558"
"Didier";"ROBILLARD";"";"didierrobillard@example.net";"+33075558829"
"Océane";"BOULANGER";"";"";"+33035553381"
"Vincent";"BITTENCOURT";"Porcupint";"vincent.bittencourt@example.com";"+33085556737"
"Corne";"CHRISTINE";"";"christine.corne@example.org";"+33055588479"
"Muriel";"LAURENS";"";"muriel.laurens@example.org";"+33075555171"
"Ottilia";"IOVINO";"";"ottilia_iovino@example.net";""
"Hubert";"GIRAULT";"";"hubertgirault@example.org";"+33045556357"
"Leslie";"MARCHANT";"";"lesliemarchant@example.com";"+33046706123"
"Stéphane";"BOISSONADE";"";"stephaneboissonade@example.org";"+33000555082"
"Rébecca";"COMPERE";"Rébecca";"rebecca_compere@example.net";"+33085552814"
"Bérénice";"LAFLÈCHE";"Bérénice";"geckoco8882028@example.com";"+33000555882"
"Léo";"REVERDIN";"";"leoreverdin@example.org";"+33045550603"
"Lambert";"AVELINE";"";"lambert_aveline@example.org";"+33035558521"
"Louup";"DELSARTE";"";"loup.delsarte@example.com";"+33000555148"
"Ilyaas";"AL-GULER";"";"ilyaas_al.guler@example.com";"+33055588498"
"Sophie";"KAPLAN";"";"sophie_kaplan@example.org";"+33055582879"
"Alexis";"COUVREUR";"Alexis";"alexis.couvreur@example.com";"+33055550540"
"René";"OUVRARD";"René";"rene.ouvrard@example.org";"+33045556019"
"Deslys";"LUCILE";"";"lucile.deslys@example.org";"+33055509263"
"Viviane";"BRUNEAU";"Viviane";"spookworm7637@example.com";"+33000555132"
"Georges";"";"";"georgesauch@example.net";"+33055502092"
"Céleste";"LAMBERT";"";"celestelambert@example.org";""
"Rébecca";"COMPERE";"";"rebeccacompere@example.org";"+33085552814"
"Auriane";"";"Siren";"siren9115@example.com";"+33000555611"
"Lambert";"BERGER";"";"lambert_berger@example.net";"+33045558211"
"Mathéo";"CHAUVE";"";"matheo.chauve@example.com";"+33000555122"
"Didier";"MÉNÉTRIES";"";"didiermenetries@example.com";""
"Didier";"ROBILLARD";"";"didierrobillard@example.net";"+33075558829"
"Romaine";"LAFROMBOISE";"Banditto";"banditto7416@example.com";"+33055520502"
"Micchel";"DIMONT";"";"michel_dimont@example.org";"+33000555801"
"Lesly";"";"";"leslyedouard@example.org";"+33075553029"
"Gilles";"DU-TOIT";"";"gilles.dutoit@example.org";"+33000555242"
"Marina";"SIMON";"";"marina.simon@example.net";"+33065557043"
"Ajay";"TIWARI";"";"ajaytiwari@example.org";"+33055506199"
"Willow";"POLE";"";"willow_poole@example.net";"+33035550736"
"Georges";"TOUCHARD";"";"domignome7087@example.net";"+33075555876"
"Véronique";"";"";"veronique.messier@example.org";"+33018387677"
"Maééva";"BEAUCHAMP";"";"maevabeauchamp@example.com";"+33000555850"
"Jean-loup";"CAZENAVE";"";"jean.loupcazenave@example.net";"+33035558865"
"Porthos";"";"";"porthos.jegou@example.org";"+33000555709"
"Grégoire";"DUFRESNE";"";"gregoire.dufresne@example.org";"+33000555949"
